gen,path,length,meanLength
0,0;14;29;22;25;4;3;6;15;12;7;13;2;19;21;5;11;9;20;16;24;31;32;33;8;30;10;27;17;26;28;18;23;1;0,35.5186,42.5704
1,0;14;29;22;25;4;3;6;15;12;7;13;2;19;21;5;11;9;20;16;10;30;26;33;32;31;24;27;17;8;28;18;23;1;0,34.9546,39.1703
2,0;13;29;3;1;7;14;22;21;19;6;2;25;4;15;12;5;11;9;20;16;24;31;32;33;8;30;10;27;17;26;28;18;23;0,29.4482,34.2901
3,0;13;29;3;1;7;14;22;21;19;6;2;25;4;15;12;5;11;9;20;16;24;31;32;33;8;27;10;30;17;26;28;18;23;0,29.307,30.4714
4,0;13;29;3;1;7;21;19;6;2;25;4;15;12;5;11;9;20;14;22;16;24;31;32;33;8;27;10;30;17;26;28;18;23;0,26.9761,28.9915
5,0;13;29;3;14;1;7;22;5;19;6;2;25;4;15;12;21;11;9;20;16;24;31;32;33;8;30;10;27;17;26;28;18;23;0,24.5235,26.3913
6,0;13;29;3;1;7;14;22;21;19;31;24;16;20;9;11;12;6;2;25;15;4;5;32;33;8;30;10;27;17;26;28;18;23;0,23.3975,24.6638
7,0;13;29;3;14;1;7;22;10;30;8;33;32;31;24;16;20;9;11;21;12;15;4;25;2;6;19;5;27;17;26;28;18;23;0,21.842,23.4586
8,0;13;29;3;1;7;14;22;21;19;31;24;16;28;26;17;27;10;30;8;33;32;5;4;15;25;2;6;12;11;9;20;18;23;0,20.0628,22.0207
9,0;13;14;22;1;29;3;5;19;6;2;25;4;15;21;12;11;9;20;16;10;30;26;33;32;31;24;27;17;8;28;23;18;7;0,18.4143,20.3579
10,0;13;14;22;1;29;3;5;19;6;2;25;4;15;21;12;11;9;20;16;10;30;26;33;32;31;8;17;27;24;28;23;18;7;0,16.4996,19.0842
11,0;29;3;14;1;7;22;10;30;8;33;32;31;21;19;24;16;28;26;17;27;5;4;15;25;2;6;12;11;9;20;18;13;23;0,16.3026,17.8897
12,0;14;29;22;3;31;32;25;21;19;24;16;28;26;17;27;10;30;8;33;5;4;15;2;6;12;11;9;18;23;7;13;20;1;0,15.5731,16.3246
13,0;29;3;1;7;14;22;10;30;8;33;32;21;19;31;24;26;27;17;5;4;15;25;2;6;12;11;9;20;18;13;23;16;28;0,12.7735,15.5951
14,0;29;3;1;7;14;22;10;30;8;33;32;21;19;31;24;26;27;17;5;4;15;25;2;6;12;11;9;20;18;13;23;16;28;0,12.7735,14.5413
15,0;29;3;1;7;14;22;10;30;8;33;32;21;19;31;24;26;27;17;5;4;15;25;2;6;12;11;9;18;20;13;23;16;28;0,12.4014,12.9248
16,0;29;3;1;20;18;13;9;11;12;6;2;25;15;4;5;17;27;26;24;31;19;21;32;33;8;30;10;22;14;7;23;16;28;0,11.8867,12.5204
17,0;29;3;1;7;14;22;10;27;17;5;4;15;19;31;24;26;30;8;33;32;21;25;2;6;12;11;9;20;18;13;23;16;28;0,10.7107,11.7485
18,0;29;14;22;3;10;30;8;33;32;31;21;19;24;27;26;17;5;4;15;25;2;6;12;11;9;18;7;13;20;1;23;16;28;0,10.5809,10.8774
19,0;29;14;22;3;10;30;33;32;21;19;31;24;26;27;17;5;4;15;25;6;2;8;12;11;9;18;7;13;20;1;23;16;28;0,9.82406,10.4653
20,0;29;14;22;3;10;27;17;5;4;15;19;31;24;26;30;8;33;32;21;25;2;6;12;11;9;18;7;13;20;1;23;16;28;0,8.09954,9.2184
21,0;14;29;22;3;10;27;17;5;4;15;19;31;24;26;30;8;33;32;21;25;2;6;12;11;9;18;7;13;20;23;16;28;1;0,7.38683,7.91079
22,0;29;14;22;3;10;30;33;19;31;24;26;27;17;5;4;15;8;32;21;25;2;6;12;11;9;18;7;13;20;1;23;16;28;0,7.22879,7.43133
23,0;14;29;22;3;10;30;27;17;33;26;24;31;19;5;4;15;8;32;21;25;2;6;12;11;9;18;7;13;20;1;23;16;28;0,6.61474,7.13994
24,0;14;29;22;3;10;30;27;17;33;26;24;31;19;5;4;15;8;32;21;25;2;6;12;11;9;18;13;7;20;1;23;16;28;0,6.37557,6.70342
25,0;14;29;22;3;10;27;17;31;19;15;5;4;24;26;30;33;8;32;21;25;2;6;12;11;9;18;7;13;20;1;23;16;28;0,6.13861,6.4195
26,0;14;29;22;3;10;30;27;17;33;26;24;31;19;5;4;15;32;8;21;25;2;6;12;11;9;18;7;13;20;1;23;16;28;0,6.09,6.17095
27,0;14;29;22;3;10;30;4;27;26;24;5;15;31;8;19;17;33;32;21;25;2;6;12;11;9;18;7;13;20;1;23;16;28;0,5.52459,5.95213
28,0;14;29;22;3;10;30;4;27;17;33;26;24;31;19;5;15;32;8;21;25;2;6;12;11;9;18;20;13;7;1;23;16;28;0,5.14497,5.62739
29,0;1;14;22;3;10;30;4;27;17;33;26;24;31;19;5;15;32;8;21;25;2;6;12;11;9;18;13;20;7;23;16;28;29;0,4.87614,5.20062
30,0;1;14;22;3;10;30;4;27;26;24;5;15;31;17;19;33;32;8;21;25;2;6;12;11;9;18;13;20;7;23;16;28;29;0,4.34881,4.76307
31,0;14;22;3;10;30;4;27;26;24;5;15;31;17;19;33;32;8;21;25;2;6;12;11;9;18;13;20;7;23;16;28;29;1;0,4.10409,4.45476
32,0;14;22;3;10;30;4;27;26;24;17;33;31;19;5;15;32;8;25;2;21;6;12;11;9;18;13;20;7;23;16;28;29;1;0,4.03806,4.1556
33,0;14;22;3;10;30;4;27;26;24;17;33;31;15;5;19;32;8;21;25;2;6;12;11;9;18;13;20;7;23;16;28;29;1;0,3.90401,4.02008
34,0;14;16;3;10;30;4;27;26;24;5;15;17;31;33;19;32;8;21;25;2;6;12;11;9;18;13;20;7;23;22;28;29;1;0,3.88916,3.91555
35,0;14;22;3;10;30;4;27;26;24;17;33;31;5;15;19;32;8;21;25;2;6;12;11;9;18;13;20;7;23;28;16;29;1;0,3.83108,3.88632
36,0;14;22;3;10;30;4;27;26;24;17;33;31;5;15;19;32;8;21;25;2;6;12;11;9;18;13;20;7;23;28;16;29;1;0,3.83108,3.84942
37,0;14;22;3;10;30;4;27;26;24;17;33;5;15;31;19;32;8;21;25;6;2;12;11;9;18;13;20;7;23;28;16;29;1;0,3.79119,3.82756
38,0;14;7;20;13;18;9;11;12;2;6;25;21;8;32;19;31;15;5;33;17;24;26;27;4;30;10;3;22;23;16;28;29;1;0,3.5871,3.78294
39,0;14;22;3;10;30;4;27;26;24;17;33;31;5;15;19;32;8;2;6;25;21;12;11;9;18;13;20;7;23;28;16;29;1;0,3.56602,3.71236
40,0;14;7;20;13;18;9;11;12;2;6;25;21;8;32;19;31;15;5;33;17;24;26;27;4;30;10;3;16;23;22;28;29;1;0,3.3314,3.5529
41,0;14;7;20;13;18;9;11;12;2;25;21;6;8;32;19;31;15;5;33;17;24;26;27;4;30;10;3;16;23;22;28;29;1;0,3.05166,3.4839
42,0;14;7;20;13;18;9;11;12;2;25;21;6;8;32;19;31;15;5;33;17;24;26;27;4;30;10;3;16;23;22;28;29;1;0,3.05166,3.29958
43,0;14;7;20;13;18;9;11;12;2;25;21;6;8;32;19;31;15;5;33;17;24;26;27;4;30;10;3;16;29;28;22;23;1;0,2.66447,3.0581
44,0;14;7;20;13;18;9;11;12;2;25;21;6;8;32;19;31;15;5;33;17;24;26;27;4;30;10;3;16;29;28;22;23;1;0,2.66447,2.84278
45,0;14;7;20;13;18;9;11;12;2;25;21;6;8;32;19;31;15;5;33;17;24;26;27;4;30;10;3;16;28;29;22;23;1;0,2.59706,2.65529
46,0;7;20;13;18;9;11;12;2;25;21;6;8;32;19;31;15;5;33;17;24;26;27;4;30;10;3;16;29;28;22;23;14;1;0,2.37697,2.58232
47,0;7;20;13;18;9;11;12;2;25;21;6;8;32;19;31;15;5;33;17;24;26;27;4;30;10;3;16;29;28;22;23;1;14;0,2.36818,2.51869
48,0;7;20;13;18;9;11;12;2;25;21;6;8;32;19;31;15;5;33;17;24;26;27;4;30;10;3;16;28;29;22;23;14;1;0,2.30957,2.36901
49,0;7;20;13;18;9;11;12;21;25;2;6;8;32;19;31;15;5;33;17;24;26;27;4;30;10;3;16;29;28;22;23;1;14;0,2.22928,2.27153
50,0;7;20;13;18;9;11;12;21;25;2;6;8;32;19;31;15;5;33;17;24;26;27;4;30;10;3;16;28;29;22;23;1;14;0,2.16187,2.20992
51,0;7;20;13;18;9;11;12;21;25;2;6;8;32;19;31;15;33;5;17;24;26;27;4;30;10;3;16;28;29;22;23;14;1;0,2.15267,2.16067
52,0;7;20;13;18;9;11;12;21;25;2;6;8;32;19;31;15;33;5;17;24;26;27;4;30;10;3;16;28;29;22;23;1;14;0,2.14388,2.14957
53,0;7;20;13;18;9;11;12;21;25;2;6;8;32;19;31;15;33;5;17;24;26;27;4;30;10;3;16;28;29;22;23;1;14;0,2.14388,2.14388
54,0;7;20;13;18;9;11;12;21;25;2;6;8;32;19;31;15;33;5;17;24;26;27;4;30;10;3;16;28;29;22;23;1;14;0,2.14388,2.14388
55,0;7;20;13;18;9;11;12;21;25;2;6;8;32;31;19;15;33;5;17;24;26;27;4;30;10;3;16;28;29;22;23;1;14;0,2.13782,2.14352
56,0;7;20;13;18;9;11;12;21;25;2;6;8;32;31;19;15;33;5;17;24;26;27;4;30;10;3;16;28;29;22;23;1;14;0,2.13782,2.14139
57,0;7;20;13;18;9;11;12;21;25;2;6;8;32;31;19;15;33;5;17;24;26;27;4;30;10;3;16;28;29;22;23;1;14;0,2.13782,2.13782
58,0;7;20;13;18;9;11;12;21;25;2;6;8;32;19;31;15;33;5;17;24;27;26;4;30;10;3;16;28;29;22;23;1;14;0,2.12466,2.13705
59,0;7;20;13;18;9;11;12;21;25;2;6;8;32;31;19;15;33;5;17;24;27;26;4;30;10;3;16;28;29;22;23;1;14;0,2.1186,2.12698
60,0;7;20;13;18;9;11;12;21;25;2;6;8;32;31;19;15;33;5;17;24;27;26;4;30;10;3;16;28;29;22;23;1;14;0,2.1186,2.1186
61,0;7;20;13;18;9;11;12;21;25;2;6;8;32;31;19;33;15;5;17;24;27;26;4;30;10;3;16;28;29;22;23;1;14;0,2.11141,2.11818
62,0;7;20;13;18;9;11;12;21;25;2;6;8;32;31;19;33;15;5;17;24;27;26;4;30;10;3;16;28;29;22;23;1;14;0,2.11141,2.11691
63,0;7;20;13;18;9;11;12;21;25;2;6;8;32;31;19;33;15;5;17;24;27;26;4;30;10;3;16;28;29;22;23;1;14;0,2.11141,2.11141
64,0;7;20;13;18;9;11;12;21;25;2;6;8;32;31;19;33;15;5;17;24;27;26;4;30;10;3;16;28;29;22;23;1;14;0,2.11141,2.11141
65,0;7;20;13;18;9;11;12;25;21;2;6;8;32;31;19;33;15;5;17;24;27;26;4;30;10;3;16;28;29;22;23;1;14;0,2.10633,2.11111
66,0;7;20;13;18;9;11;12;25;21;2;6;8;32;31;19;33;15;5;17;24;27;26;4;30;10;3;16;28;29;22;23;1;14;0,2.10633,2.10902
67,0;7;20;13;18;9;11;12;25;21;2;6;8;32;31;19;33;15;5;17;24;27;26;4;30;10;3;16;28;29;22;23;1;14;0,2.10633,2.10633
68,0;7;20;13;18;9;11;12;25;21;2;6;8;32;31;19;33;15;5;17;24;27;26;4;30;10;3;16;28;29;22;23;1;14;0,2.10633,2.10633
69,0;7;20;13;18;9;11;12;25;21;2;6;8;32;31;19;33;15;5;17;24;27;26;4;30;10;3;16;28;29;22;23;1;14;0,2.10633,2.10633
70,0;7;20;13;18;9;11;12;25;21;2;6;8;32;31;19;33;15;5;17;24;27;26;4;30;10;3;16;28;29;22;23;1;14;0,2.10633,2.10633
71,0;7;20;13;18;9;11;12;25;21;2;6;8;32;31;19;33;15;5;17;24;27;26;4;30;10;3;16;28;29;22;23;1;14;0,2.10633,2.10633
72,0;7;20;13;18;9;11;12;25;21;2;6;8;32;31;19;33;15;5;17;27;24;26;4;30;10;3;16;28;29;22;23;1;14;0,2.10096,2.10601
73,0;7;20;13;18;9;11;12;25;21;2;6;8;32;31;19;33;15;5;17;27;24;26;4;30;10;3;16;28;29;22;23;1;14;0,2.10096,2.10443
74,0;7;20;13;18;9;11;12;25;21;2;6;8;32;31;19;33;15;5;17;27;24;26;4;30;10;3;16;28;29;22;23;1;14;0,2.10096,2.10096
75,0;7;20;13;18;9;11;12;25;21;2;6;8;32;31;19;33;15;5;17;27;24;26;4;30;10;3;16;28;29;22;23;1;14;0,2.10096,2.10096
76,0;7;20;13;18;9;11;12;25;21;2;6;8;32;31;19;33;15;5;17;27;24;26;4;30;10;3;16;28;29;22;23;1;14;0,2.10096,2.10096
77,0;7;20;13;18;9;11;12;25;21;2;6;8;32;31;19;33;15;5;17;27;24;26;4;30;10;3;16;28;29;22;23;1;14;0,2.10096,2.10096
78,0;7;20;13;18;9;11;12;25;21;2;6;8;32;31;19;33;15;5;17;27;24;26;4;30;10;3;16;28;29;22;23;1;14;0,2.10096,2.10096
79,0;7;20;13;18;9;11;12;25;21;2;6;8;32;31;19;33;15;5;17;27;24;26;4;30;10;3;16;28;29;22;23;1;14;0,2.10096,2.10096
80,0;7;20;13;18;9;11;12;25;21;2;6;8;32;31;19;33;15;5;17;27;24;26;4;30;10;3;16;28;29;22;23;1;14;0,2.10096,2.10096
81,0;7;20;13;18;9;11;12;25;21;2;6;8;32;31;19;33;15;5;17;27;24;26;4;30;10;3;16;28;29;22;23;1;14;0,2.10096,2.10096
82,0;7;20;13;18;9;11;12;25;21;2;6;8;32;31;19;33;15;5;17;27;24;26;4;30;10;3;16;28;29;22;23;1;14;0,2.10096,2.10096
83,0;7;20;13;18;9;11;12;25;21;2;6;8;32;31;19;33;15;5;17;27;24;26;4;30;10;3;16;28;29;22;23;1;14;0,2.10096,2.10096
84,0;7;20;13;18;9;11;12;25;21;2;6;8;32;31;19;33;15;5;17;27;24;26;4;30;10;3;16;28;29;22;23;1;14;0,2.10096,2.10096
85,0;7;20;13;18;9;11;12;25;21;2;6;8;32;31;19;33;15;5;17;27;24;26;4;30;10;3;16;28;29;22;23;1;14;0,2.10096,2.10096
86,0;7;20;13;18;9;11;12;25;21;2;6;8;32;31;19;33;15;5;17;27;24;26;4;30;10;3;16;28;29;22;23;1;14;0,2.10096,2.10096
87,0;7;20;13;18;9;11;12;25;21;2;6;8;32;31;19;33;15;5;17;27;24;26;4;30;10;3;16;28;29;22;23;1;14;0,2.10096,2.10096
88,0;7;20;13;18;9;11;12;25;21;2;6;8;32;31;19;33;15;5;17;27;24;26;4;30;10;3;16;28;29;22;23;1;14;0,2.10096,2.10096
89,0;7;20;13;18;9;11;12;25;21;2;6;8;32;31;19;33;15;5;17;27;24;26;4;30;10;3;16;28;29;22;23;1;14;0,2.10096,2.10096
90,0;7;20;13;18;9;11;12;25;21;2;6;8;32;31;19;33;15;5;17;27;24;26;4;30;10;3;16;28;29;22;23;1;14;0,2.10096,2.10096
91,0;7;20;13;18;9;11;12;25;21;2;6;8;32;31;19;33;15;5;17;27;24;26;4;30;10;3;16;28;29;22;23;1;14;0,2.10096,2.10096
92,0;7;20;13;18;9;11;12;25;21;2;6;8;32;31;19;33;15;5;17;27;24;26;4;30;10;3;16;28;29;22;23;1;14;0,2.10096,2.10096
93,0;7;20;13;18;9;11;12;25;21;2;6;8;32;31;19;33;15;5;17;27;24;26;4;30;10;3;16;28;29;22;23;1;14;0,2.10096,2.10096
94,0;7;20;13;18;9;11;12;25;21;2;6;8;32;31;19;33;15;5;17;27;24;26;4;30;10;3;16;28;29;22;23;1;14;0,2.10096,2.10096
95,0;7;20;13;18;9;11;12;25;21;2;6;8;32;31;19;33;15;5;17;27;24;26;4;30;10;3;16;28;29;22;23;1;14;0,2.10096,2.10096
96,0;7;20;13;18;9;11;12;25;21;2;6;8;32;31;19;33;15;5;17;27;24;26;4;30;10;3;16;28;29;22;23;1;14;0,2.10096,2.10096
97,0;7;20;13;18;9;11;12;25;21;2;6;8;32;31;19;33;15;5;17;27;24;26;4;30;10;3;16;28;29;22;23;1;14;0,2.10096,2.10096
98,0;7;20;13;18;9;11;12;25;21;2;6;8;32;31;19;33;15;5;17;27;24;26;4;30;10;3;16;28;29;22;23;1;14;0,2.10096,2.10096
99,0;7;20;13;18;9;11;12;25;21;2;6;8;32;31;19;33;15;5;17;27;24;26;4;30;10;3;16;28;29;22;23;1;14;0,2.10096,2.10096
100,0;7;20;13;18;9;11;12;25;21;2;6;8;32;31;19;33;15;5;17;27;24;26;4;30;10;3;16;28;29;22;23;1;14;0,2.10096,2.10096
101,0;7;20;13;18;9;11;12;25;21;2;6;8;32;31;19;33;15;5;17;27;24;26;4;30;10;3;16;28;29;22;23;1;14;0,2.10096,2.10096
102,0;7;20;13;18;9;11;12;25;21;2;6;8;32;31;19;33;15;5;17;27;24;26;4;30;10;3;16;28;29;22;23;1;14;0,2.10096,2.10096
103,0;7;20;13;18;9;11;12;25;21;2;6;8;32;31;19;33;15;5;17;27;24;26;4;30;10;3;16;28;29;22;23;1;14;0,2.10096,2.10096
104,0;7;20;13;18;9;11;12;25;21;2;6;8;32;31;19;33;15;5;17;27;24;26;4;30;10;3;16;28;29;22;23;1;14;0,2.10096,2.10096
105,0;7;20;13;18;9;11;12;25;21;2;6;8;32;31;19;33;15;5;17;27;24;26;4;30;10;3;16;28;29;22;23;1;14;0,2.10096,2.10096
106,0;7;20;13;18;9;11;12;25;21;2;6;8;32;31;19;33;15;5;17;27;24;26;4;30;10;3;16;28;29;22;23;1;14;0,2.10096,2.10096
107,0;7;20;13;18;9;11;12;25;21;2;6;8;32;31;19;33;15;5;17;27;24;26;4;30;10;3;16;28;29;22;23;1;14;0,2.10096,2.10096
108,0;7;20;13;18;9;11;12;25;21;2;6;8;32;31;19;33;15;5;17;27;24;26;4;30;10;3;16;28;29;22;23;1;14;0,2.10096,2.10096
109,0;7;20;13;18;9;11;12;25;21;2;6;8;32;31;19;33;15;5;17;27;24;26;4;30;10;3;16;28;29;22;23;1;14;0,2.10096,2.10096
110,0;7;20;13;18;9;11;12;25;21;2;6;8;32;31;19;33;15;5;17;27;24;26;4;30;10;3;16;28;29;22;23;1;14;0,2.10096,2.10096
111,0;7;20;13;18;9;11;12;25;21;2;6;8;32;31;19;33;15;5;17;27;24;26;4;30;10;3;16;28;29;22;23;1;14;0,2.10096,2.10096
112,0;7;20;13;18;9;11;12;25;21;2;6;8;32;31;19;33;15;5;17;27;24;26;4;30;10;3;16;28;29;22;23;1;14;0,2.10096,2.10096
113,0;7;20;13;18;9;11;12;25;21;2;6;8;32;31;19;33;15;5;17;27;24;26;4;30;10;3;16;28;29;22;23;1;14;0,2.10096,2.10096
114,0;7;20;13;18;9;11;12;25;21;2;6;8;32;31;19;33;15;5;17;27;24;26;4;30;10;3;16;28;29;22;23;1;14;0,2.10096,2.10096
115,0;7;20;13;18;9;11;12;25;21;2;6;8;32;31;19;33;15;5;17;27;24;26;4;30;10;3;16;28;29;22;23;1;14;0,2.10096,2.10096
116,0;7;20;13;18;9;11;12;25;21;2;6;8;32;31;19;33;15;5;17;27;24;26;4;30;10;3;16;28;29;22;23;1;14;0,2.10096,2.10096
117,0;7;20;13;18;9;11;12;25;21;2;6;8;32;31;19;33;15;5;17;27;24;26;4;30;10;3;16;28;29;22;23;1;14;0,2.10096,2.10096
118,0;7;20;13;18;9;11;12;25;21;2;6;8;32;31;19;33;15;5;17;27;24;26;4;30;10;3;16;28;29;22;23;1;14;0,2.10096,2.10096
119,0;7;20;13;18;9;11;12;25;21;2;6;8;32;31;19;33;15;5;17;27;24;26;4;30;10;3;16;28;29;22;23;1;14;0,2.10096,2.10096
120,0;7;20;13;18;9;11;12;25;21;2;6;8;32;31;19;33;15;5;17;27;24;26;4;30;10;3;16;28;29;22;23;1;14;0,2.10096,2.10096
121,0;7;20;13;18;9;11;12;25;21;2;6;8;32;31;19;33;15;5;17;27;24;26;4;30;10;3;16;28;29;22;23;1;14;0,2.10096,2.10096
122,0;7;20;13;18;9;11;12;25;21;2;6;8;32;31;19;33;15;5;17;27;24;26;4;30;10;3;16;28;29;22;23;1;14;0,2.10096,2.10096
123,0;7;20;13;18;9;11;12;25;21;2;6;8;32;31;19;33;15;5;17;27;24;26;4;30;10;3;16;28;29;22;23;1;14;0,2.10096,2.10096
124,0;7;20;13;18;9;11;12;25;21;2;6;8;32;31;19;33;15;5;17;27;24;26;4;30;10;3;16;28;29;22;23;1;14;0,2.10096,2.10096
125,0;7;20;13;18;9;11;12;25;21;2;6;8;32;31;19;33;15;5;17;27;24;26;4;30;10;3;16;28;29;22;23;1;14;0,2.10096,2.10096
126,0;7;20;13;18;9;11;12;25;21;2;6;8;32;31;19;33;15;5;17;27;24;26;4;30;10;3;16;28;29;22;23;1;14;0,2.10096,2.10096
127,0;7;20;13;18;9;11;12;25;21;2;6;8;32;31;19;33;15;5;17;27;24;26;4;30;10;3;16;28;29;22;23;1;14;0,2.10096,2.10096
128,0;7;20;13;18;9;11;12;25;21;2;6;8;32;31;19;33;15;5;17;27;24;26;4;30;10;3;16;28;29;22;23;1;14;0,2.10096,2.10096
129,0;7;20;13;18;9;11;12;25;21;2;6;8;32;31;19;33;15;5;17;27;24;26;4;30;10;3;16;28;29;22;23;1;14;0,2.10096,2.10096
130,0;7;20;13;18;9;11;12;25;21;2;6;8;32;31;19;33;15;5;17;27;24;26;4;30;10;3;16;28;29;22;23;1;14;0,2.10096,2.10096
131,0;7;20;13;18;9;11;12;25;21;2;6;8;32;31;19;33;15;5;17;27;24;26;4;30;10;3;16;28;29;22;23;1;14;0,2.10096,2.10096
132,0;7;20;13;18;9;11;12;25;21;2;6;8;32;31;19;33;15;5;17;27;24;26;4;30;10;3;16;28;29;22;23;1;14;0,2.10096,2.10096
133,0;7;20;13;18;9;11;12;25;21;2;6;8;32;31;19;33;15;5;17;27;24;26;4;30;10;3;16;28;29;22;23;1;14;0,2.10096,2.10096
134,0;7;20;13;18;9;11;12;25;21;2;6;8;32;31;19;33;15;5;17;27;24;26;4;30;10;3;16;28;29;22;23;1;14;0,2.10096,2.10096
135,0;7;20;13;18;9;11;12;25;21;2;6;8;32;31;19;33;15;5;17;27;24;26;4;30;10;3;16;28;29;22;23;1;14;0,2.10096,2.10096
136,0;7;20;13;18;9;11;12;25;21;2;6;8;32;31;19;33;15;5;17;27;24;26;4;30;10;3;16;28;29;22;23;1;14;0,2.10096,2.10096
137,0;7;20;13;18;9;11;12;25;21;2;6;8;32;31;19;33;15;5;17;27;24;26;4;30;10;3;16;28;29;22;23;1;14;0,2.10096,2.10096
138,0;7;20;13;18;9;11;12;25;21;2;6;8;32;31;19;33;15;5;17;27;24;26;4;30;10;3;16;28;29;22;23;1;14;0,2.10096,2.10096
139,0;7;20;13;18;9;11;12;25;21;2;6;8;32;31;19;33;15;5;17;27;24;26;4;30;10;3;16;28;29;22;23;1;14;0,2.10096,2.10096
140,0;7;20;13;18;9;11;12;25;21;2;6;8;32;31;19;33;15;5;17;27;24;26;4;30;10;3;16;28;29;22;23;1;14;0,2.10096,2.10096
141,0;7;20;13;18;9;11;12;25;21;2;6;8;32;31;19;33;15;5;17;27;24;26;4;30;10;3;16;28;29;22;23;1;14;0,2.10096,2.10096
142,0;7;20;13;18;9;11;12;25;21;2;6;8;32;31;19;33;15;5;17;27;24;26;4;30;10;3;16;28;29;22;23;1;14;0,2.10096,2.10096
143,0;7;20;13;18;9;11;12;25;21;2;6;8;32;31;19;33;15;5;17;27;24;26;4;30;10;3;16;28;29;22;23;1;14;0,2.10096,2.10096
144,0;7;20;13;18;9;11;12;25;21;2;6;8;32;31;19;33;15;5;17;27;24;26;4;30;10;3;16;28;29;22;23;1;14;0,2.10096,2.10096
145,0;7;20;13;18;9;11;12;25;21;2;6;8;32;31;19;33;15;5;17;27;24;26;4;30;10;3;16;28;29;22;23;1;14;0,2.10096,2.10096
146,0;7;20;13;18;9;11;12;25;21;2;6;8;32;31;19;33;15;5;17;27;24;26;4;30;10;3;16;28;29;22;23;1;14;0,2.10096,2.10096
147,0;7;20;13;18;9;11;12;25;21;2;6;8;32;31;19;33;15;5;17;27;24;26;4;30;10;3;16;28;29;22;23;1;14;0,2.10096,2.10096
148,0;7;20;13;18;9;11;12;25;21;2;6;8;32;31;19;33;15;5;17;27;24;26;4;30;10;3;16;28;29;22;23;1;14;0,2.10096,2.10096
149,0;7;20;13;18;9;11;12;25;21;2;6;8;32;31;19;33;15;5;17;27;24;26;4;30;10;3;16;28;29;22;23;1;14;0,2.10096,2.10096
150,0;7;20;13;18;9;11;12;25;21;2;6;8;32;31;19;33;15;5;17;27;24;26;4;30;10;3;16;28;29;22;23;1;14;0,2.10096,2.10096
151,0;7;20;13;18;9;11;12;25;21;2;6;8;32;31;19;33;15;5;17;27;24;26;4;30;10;3;16;28;29;22;23;1;14;0,2.10096,2.10096
152,0;7;20;13;18;9;11;12;25;21;2;6;8;32;31;19;33;15;5;17;27;24;26;4;30;10;3;16;28;29;22;23;1;14;0,2.10096,2.10096
153,0;7;20;13;18;9;11;12;25;21;2;6;8;32;31;19;33;15;5;17;27;24;26;4;30;10;3;16;28;29;22;23;1;14;0,2.10096,2.10096
154,0;7;20;13;18;9;11;12;25;21;2;6;8;32;31;19;33;15;5;17;27;24;26;4;30;10;3;16;28;29;22;23;1;14;0,2.10096,2.10096
155,0;7;20;13;18;9;11;12;25;21;2;6;8;32;31;19;33;15;5;17;27;24;26;4;30;10;3;16;28;29;22;23;1;14;0,2.10096,2.10096
156,0;7;20;13;18;9;11;12;25;21;2;6;8;32;31;19;33;15;5;17;27;24;26;4;30;10;3;16;28;29;22;23;1;14;0,2.10096,2.10096
157,0;7;20;13;18;9;11;12;25;21;2;6;8;32;31;19;33;15;5;17;27;24;26;4;30;10;3;16;28;29;22;23;1;14;0,2.10096,2.10096
158,0;7;20;13;18;9;11;12;25;21;2;6;8;32;31;19;33;15;5;17;27;24;26;4;30;10;3;16;28;29;22;23;1;14;0,2.10096,2.10096
159,0;7;20;13;18;9;11;12;25;21;2;6;8;32;31;19;33;15;5;17;27;24;26;4;30;10;3;16;28;29;22;23;1;14;0,2.10096,2.10096
160,0;7;20;13;18;9;11;12;25;21;2;6;8;32;31;19;33;15;5;17;27;24;26;4;30;10;3;16;28;29;22;23;1;14;0,2.10096,2.10096
161,0;7;20;13;18;9;11;12;25;21;2;6;8;32;31;19;33;15;5;17;27;24;26;4;30;10;3;16;28;29;22;23;1;14;0,2.10096,2.10096
162,0;7;20;13;18;9;11;12;25;21;2;6;8;32;31;19;33;15;5;17;27;24;26;4;30;10;3;16;28;29;22;23;1;14;0,2.10096,2.10096
163,0;7;20;13;18;9;11;12;25;21;2;6;8;32;31;19;33;15;5;17;27;24;26;4;30;10;3;16;28;29;22;23;1;14;0,2.10096,2.10096
164,0;7;20;13;18;9;11;12;25;21;2;6;8;32;31;19;33;15;5;17;27;24;26;4;30;10;3;16;28;29;22;23;1;14;0,2.10096,2.10096
165,0;7;20;13;18;9;11;12;25;21;2;6;8;32;31;19;33;15;5;17;27;24;26;4;30;10;3;16;28;29;22;23;1;14;0,2.10096,2.10096
166,0;7;20;13;18;9;11;12;25;21;2;6;8;32;31;19;33;15;5;17;27;24;26;4;30;10;3;16;28;29;22;23;1;14;0,2.10096,2.10096
167,0;7;20;13;18;9;11;12;25;21;2;6;8;32;31;19;33;15;5;17;27;24;26;4;30;10;3;16;28;29;22;23;1;14;0,2.10096,2.10096
168,0;7;20;13;18;9;11;12;25;21;2;6;8;32;31;19;33;15;5;17;27;24;26;4;30;10;3;16;28;29;22;23;1;14;0,2.10096,2.10096
169,0;7;20;13;18;9;11;12;25;21;2;6;8;32;31;19;33;15;5;17;27;24;26;4;30;10;3;16;28;29;22;23;1;14;0,2.10096,2.10096
170,0;7;20;13;18;9;11;12;25;21;2;6;8;32;31;19;33;15;5;17;27;24;26;4;30;10;3;16;28;29;22;23;1;14;0,2.10096,2.10096
171,0;7;20;13;18;9;11;12;25;21;2;6;8;32;31;19;33;15;5;17;27;24;26;4;30;10;3;16;28;29;22;23;1;14;0,2.10096,2.10096
172,0;7;20;13;18;9;11;12;25;21;2;6;8;32;31;19;33;15;5;17;27;24;26;4;30;10;3;16;28;29;22;23;1;14;0,2.10096,2.10096
173,0;7;20;13;18;9;11;12;25;21;2;6;8;32;31;19;33;15;5;17;27;24;26;4;30;10;3;16;28;29;22;23;1;14;0,2.10096,2.10096
174,0;7;20;13;18;9;11;12;25;21;2;6;8;32;31;19;33;15;5;17;27;24;26;4;30;10;3;16;28;29;22;23;1;14;0,2.10096,2.10096
175,0;7;20;13;18;9;11;12;25;21;2;6;8;32;31;19;33;15;5;17;27;24;26;4;30;10;3;16;28;29;22;23;1;14;0,2.10096,2.10096
176,0;7;20;13;18;9;11;12;25;21;2;6;8;32;31;19;33;15;5;17;27;24;26;4;30;10;3;16;28;29;22;23;1;14;0,2.10096,2.10096
177,0;7;20;13;18;9;11;12;25;21;2;6;8;32;31;19;33;15;5;17;27;24;26;4;30;10;3;16;28;29;22;23;1;14;0,2.10096,2.10096
178,0;7;20;13;18;9;11;12;25;21;2;6;8;32;31;19;33;15;5;17;27;24;26;4;30;10;3;16;28;29;22;23;1;14;0,2.10096,2.10096
179,0;7;20;13;18;9;11;12;25;21;2;6;8;32;31;19;33;15;5;17;27;24;26;4;30;10;3;16;28;29;22;23;1;14;0,2.10096,2.10096
180,0;7;20;13;18;9;11;12;25;21;2;6;8;32;31;19;33;15;5;17;27;24;26;4;30;10;3;16;28;29;22;23;1;14;0,2.10096,2.10096
181,0;7;20;13;18;9;11;12;25;21;2;6;8;32;31;19;33;15;5;17;27;24;26;4;30;10;3;16;28;29;22;23;1;14;0,2.10096,2.10096
182,0;7;20;13;18;9;11;12;25;21;2;6;8;32;31;19;33;15;5;17;27;24;26;4;30;10;3;16;28;29;22;23;1;14;0,2.10096,2.10096
183,0;7;20;13;18;9;11;12;25;21;2;6;8;32;31;19;33;15;5;17;27;24;26;4;30;10;3;16;28;29;22;23;1;14;0,2.10096,2.10096
184,0;7;20;13;18;9;11;12;25;21;2;6;8;32;31;19;33;15;5;17;27;24;26;4;30;10;3;16;28;29;22;23;1;14;0,2.10096,2.10096
185,0;7;20;13;18;9;11;12;25;21;2;6;8;32;31;19;33;15;5;17;27;24;26;4;30;10;3;16;28;29;22;23;1;14;0,2.10096,2.10096
186,0;7;20;13;18;9;11;12;25;21;2;6;8;32;31;19;33;15;5;17;27;24;26;4;30;10;3;16;28;29;22;23;1;14;0,2.10096,2.10096
187,0;7;20;13;18;9;11;12;25;21;2;6;8;32;31;19;33;15;5;17;27;24;26;4;30;10;3;16;28;29;22;23;1;14;0,2.10096,2.10096
188,0;7;20;13;18;9;11;12;25;21;2;6;8;32;31;19;33;15;5;17;27;24;26;4;30;10;3;16;28;29;22;23;1;14;0,2.10096,2.10096
189,0;7;20;13;18;9;11;12;25;21;2;6;8;32;31;19;33;15;5;17;27;24;26;4;30;10;3;16;28;29;22;23;1;14;0,2.10096,2.10096
190,0;7;20;13;18;9;11;12;25;21;2;6;8;32;31;19;33;15;5;17;27;24;26;4;30;10;3;16;28;29;22;23;1;14;0,2.10096,2.10096
191,0;7;20;13;18;9;11;12;25;21;2;6;8;32;31;19;33;15;5;17;27;24;26;4;30;10;3;16;28;29;22;23;1;14;0,2.10096,2.10096
192,0;7;20;13;18;9;11;12;25;21;2;6;8;32;31;19;33;15;5;17;27;24;26;4;30;10;3;16;28;29;22;23;1;14;0,2.10096,2.10096
193,0;7;20;13;18;9;11;12;25;21;2;6;8;32;31;19;33;15;5;17;27;24;26;4;30;10;3;16;28;29;22;23;1;14;0,2.10096,2.10096
194,0;7;20;13;18;9;11;12;25;21;2;6;8;32;31;19;33;15;5;17;27;24;26;4;30;10;3;16;28;29;22;23;1;14;0,2.10096,2.10096
195,0;7;20;13;18;9;11;12;25;21;2;6;8;32;31;19;33;15;5;17;27;24;26;4;30;10;3;16;28;29;22;23;1;14;0,2.10096,2.10096
196,0;7;20;13;18;9;11;12;25;21;2;6;8;32;31;19;33;15;5;17;27;24;26;4;30;10;3;16;28;29;22;23;1;14;0,2.10096,2.10096
197,0;7;20;13;18;9;11;12;25;21;2;6;8;32;31;19;33;15;5;17;27;24;26;4;30;10;3;16;28;29;22;23;1;14;0,2.10096,2.10096
198,0;7;20;13;18;9;11;12;25;21;2;6;8;32;31;19;33;15;5;17;27;24;26;4;30;10;3;16;28;29;22;23;1;14;0,2.10096,2.10096
199,0;7;20;13;18;9;11;12;25;21;2;6;8;32;31;19;33;15;5;17;27;24;26;4;30;10;3;16;28;29;22;23;1;14;0,2.10096,2.10096
200,0;7;20;13;18;9;11;12;25;21;2;6;8;32;31;19;33;15;5;17;27;24;26;4;30;10;3;16;28;29;22;23;1;14;0,2.10096,2.10096
201,0;7;20;13;18;9;11;12;25;21;2;6;8;32;31;19;33;15;5;17;27;24;26;4;30;10;3;16;28;29;22;23;1;14;0,2.10096,2.10096
202,0;7;20;13;18;9;11;12;25;21;2;6;8;32;31;19;33;15;5;17;27;24;26;4;30;10;3;16;28;29;22;23;1;14;0,2.10096,2.10096
203,0;7;20;13;18;9;11;12;25;21;2;6;8;32;31;19;33;15;5;17;27;24;26;4;30;10;3;16;28;29;22;23;1;14;0,2.10096,2.10096
204,0;7;20;13;18;9;11;12;25;21;2;6;8;32;31;19;33;15;5;17;27;24;26;4;30;10;3;16;28;29;22;23;1;14;0,2.10096,2.10096
205,0;7;20;13;18;9;11;12;25;21;2;6;8;32;31;19;33;15;5;17;27;24;26;4;30;10;3;16;28;29;22;23;1;14;0,2.10096,2.10096
206,0;7;20;13;18;9;11;12;25;21;2;6;8;32;31;19;33;15;5;17;27;24;26;4;30;10;3;16;28;29;22;23;1;14;0,2.10096,2.10096
207,0;7;20;13;18;9;11;12;25;21;2;6;8;32;31;19;33;15;5;17;27;24;26;4;30;10;3;16;28;29;22;23;1;14;0,2.10096,2.10096
208,0;7;20;13;18;9;11;12;25;21;2;6;8;32;31;19;33;15;5;17;27;24;26;4;30;10;3;16;28;29;22;23;1;14;0,2.10096,2.10096
209,0;7;20;13;18;9;11;12;25;21;2;6;8;32;31;19;33;15;5;17;27;24;26;4;30;10;3;16;28;29;22;23;1;14;0,2.10096,2.10096
210,0;7;20;13;18;9;11;12;25;21;2;6;8;32;31;19;33;15;5;17;27;24;26;4;30;10;3;16;28;29;22;23;1;14;0,2.10096,2.10096
211,0;7;20;13;18;9;11;12;25;21;2;6;8;32;31;19;33;15;5;17;27;24;26;4;30;10;3;16;28;29;22;23;1;14;0,2.10096,2.10096
212,0;7;20;13;18;9;11;12;25;21;2;6;8;32;31;19;33;15;5;17;27;24;26;4;30;10;3;16;28;29;22;23;1;14;0,2.10096,2.10096
213,0;7;20;13;18;9;11;12;25;21;2;6;8;32;31;19;33;15;5;17;27;24;26;4;30;10;3;16;28;29;22;23;1;14;0,2.10096,2.10096
214,0;7;20;13;18;9;11;12;25;21;2;6;8;32;31;19;33;15;5;17;27;24;26;4;30;10;3;16;28;29;22;23;1;14;0,2.10096,2.10096
215,0;7;20;13;18;9;11;12;25;21;2;6;8;32;31;19;33;15;5;17;27;24;26;4;30;10;3;16;28;29;22;23;1;14;0,2.10096,2.10096
216,0;7;20;13;18;9;11;12;25;21;2;6;8;32;31;19;33;15;5;17;27;24;26;4;30;10;3;16;28;29;22;23;1;14;0,2.10096,2.10096
217,0;7;20;13;18;9;11;12;25;21;2;6;8;32;31;19;33;15;5;17;27;24;26;4;30;10;3;16;28;29;22;23;1;14;0,2.10096,2.10096
218,0;7;20;13;18;9;11;12;25;21;2;6;8;32;31;19;33;15;5;17;27;24;26;4;30;10;3;16;28;29;22;23;1;14;0,2.10096,2.10096
219,0;7;20;13;18;9;11;12;25;21;2;6;8;32;31;19;33;15;5;17;27;24;26;4;30;10;3;16;28;29;22;23;1;14;0,2.10096,2.10096
220,0;7;20;13;18;9;11;12;25;21;2;6;8;32;31;19;33;15;5;17;27;24;26;4;30;10;3;16;28;29;22;23;1;14;0,2.10096,2.10096
221,0;7;20;13;18;9;11;12;25;21;2;6;8;32;31;19;33;15;5;17;27;24;26;4;30;10;3;16;28;29;22;23;1;14;0,2.10096,2.10096
222,0;7;20;13;18;9;11;12;25;21;2;6;8;32;31;19;33;15;5;17;27;24;26;4;30;10;3;16;28;29;22;23;1;14;0,2.10096,2.10096
223,0;7;20;13;18;9;11;12;25;21;2;6;8;32;31;19;33;15;5;17;27;24;26;4;30;10;3;16;28;29;22;23;1;14;0,2.10096,2.10096
224,0;7;20;13;18;9;11;12;25;21;2;6;8;32;31;19;33;15;5;17;27;24;26;4;30;10;3;16;28;29;22;23;1;14;0,2.10096,2.10096
225,0;7;20;13;18;9;11;12;25;21;2;6;8;32;31;19;33;15;5;17;27;24;26;4;30;10;3;16;28;29;22;23;1;14;0,2.10096,2.10096
226,0;7;20;13;18;9;11;12;25;21;2;6;8;32;31;19;33;15;5;17;27;24;26;4;30;10;3;16;28;29;22;23;1;14;0,2.10096,2.10096
227,0;7;20;13;18;9;11;12;25;21;2;6;8;32;31;19;33;15;5;17;27;24;26;4;30;10;3;16;28;29;22;23;1;14;0,2.10096,2.10096
228,0;7;20;13;18;9;11;12;25;21;2;6;8;32;31;19;33;15;5;17;27;24;26;4;30;10;3;16;28;29;22;23;1;14;0,2.10096,2.10096
229,0;7;20;13;18;9;11;12;25;21;2;6;8;32;31;19;33;15;5;17;27;24;26;4;30;10;3;16;28;29;22;23;1;14;0,2.10096,2.10096
230,0;7;20;13;18;9;11;12;25;21;2;6;8;32;31;19;33;15;5;17;27;24;26;4;30;10;3;16;28;29;22;23;1;14;0,2.10096,2.10096
231,0;7;20;13;18;9;11;12;25;21;2;6;8;32;31;19;33;15;5;17;27;24;26;4;30;10;3;16;28;29;22;23;1;14;0,2.10096,2.10096
232,0;7;20;13;18;9;11;12;25;21;2;6;8;32;31;19;33;15;5;17;27;24;26;4;30;10;3;16;28;29;22;23;1;14;0,2.10096,2.10096
233,0;7;20;13;18;9;11;12;25;21;2;6;8;32;31;19;33;15;5;17;27;24;26;4;30;10;3;16;28;29;22;23;1;14;0,2.10096,2.10096
234,0;7;20;13;18;9;11;12;25;21;2;6;8;32;31;19;33;15;5;17;27;24;26;4;30;10;3;16;28;29;22;23;1;14;0,2.10096,2.10096
235,0;7;20;13;18;9;11;12;25;21;2;6;8;32;31;19;33;15;5;17;27;24;26;4;30;10;3;16;28;29;22;23;1;14;0,2.10096,2.10096
236,0;7;20;13;18;9;11;12;25;21;2;6;8;32;31;19;33;15;5;17;27;24;26;4;30;10;3;16;28;29;22;23;1;14;0,2.10096,2.10096
237,0;7;20;13;18;9;11;12;25;21;2;6;8;32;31;19;33;15;5;17;27;24;26;4;30;10;3;16;28;29;22;23;1;14;0,2.10096,2.10096
238,0;7;20;13;18;9;11;12;25;21;2;6;8;32;31;19;33;15;5;17;27;24;26;4;30;10;3;16;28;29;22;23;1;14;0,2.10096,2.10096
239,0;7;20;13;18;9;11;12;25;21;2;6;8;32;31;19;33;15;5;17;27;24;26;4;30;10;3;16;28;29;22;23;1;14;0,2.10096,2.10096
240,0;7;20;13;18;9;11;12;25;21;2;6;8;32;31;19;33;15;5;17;27;24;26;4;30;10;3;16;28;29;22;23;1;14;0,2.10096,2.10096
241,0;7;20;13;18;9;11;12;25;21;2;6;8;32;31;19;33;15;5;17;27;24;26;4;30;10;3;16;28;29;22;23;1;14;0,2.10096,2.10096
242,0;7;20;13;18;9;11;12;25;21;2;6;8;32;31;19;33;15;5;17;27;24;26;4;30;10;3;16;28;29;22;23;1;14;0,2.10096,2.10096
243,0;7;20;13;18;9;11;12;25;21;2;6;8;32;31;19;33;15;5;17;27;24;26;4;30;10;3;16;28;29;22;23;1;14;0,2.10096,2.10096
244,0;7;20;13;18;9;11;12;25;21;2;6;8;32;31;19;33;15;5;17;27;24;26;4;30;10;3;16;28;29;22;23;1;14;0,2.10096,2.10096
245,0;7;20;13;18;9;11;12;25;21;2;6;8;32;31;19;33;15;5;17;27;24;26;4;30;10;3;16;28;29;22;23;1;14;0,2.10096,2.10096
246,0;7;20;13;18;9;11;12;25;21;2;6;8;32;31;19;33;15;5;17;27;24;26;4;30;10;3;16;28;29;22;23;1;14;0,2.10096,2.10096
247,0;7;20;13;18;9;11;12;25;21;2;6;8;32;31;19;33;15;5;17;27;24;26;4;30;10;3;16;28;29;22;23;1;14;0,2.10096,2.10096
248,0;7;20;13;18;9;11;12;25;21;2;6;8;32;31;19;33;15;5;17;27;24;26;4;30;10;3;16;28;29;22;23;1;14;0,2.10096,2.10096
249,0;7;20;13;18;9;11;12;25;21;2;6;8;32;31;19;33;15;5;17;27;24;26;4;30;10;3;16;28;29;22;23;1;14;0,2.10096,2.10096
250,0;7;20;13;18;9;11;12;25;21;2;6;8;32;31;19;33;15;5;17;27;24;26;4;30;10;3;16;28;29;22;23;1;14;0,2.10096,2.10096
251,0;7;20;13;18;9;11;12;25;21;2;6;8;32;31;19;33;15;5;17;27;24;26;4;30;10;3;16;28;29;22;23;1;14;0,2.10096,2.10096
252,0;7;20;13;18;9;11;12;25;21;2;6;8;32;31;19;33;15;5;17;27;24;26;4;30;10;3;16;28;29;22;23;1;14;0,2.10096,2.10096
253,0;7;20;13;18;9;11;12;25;21;2;6;8;32;31;19;33;15;5;17;27;24;26;4;30;10;3;16;28;29;22;23;1;14;0,2.10096,2.10096
254,0;7;20;13;18;9;11;12;25;21;2;6;8;32;31;19;33;15;5;17;27;24;26;4;30;10;3;16;28;29;22;23;1;14;0,2.10096,2.10096
255,0;7;20;13;18;9;11;12;25;21;2;6;8;32;31;19;33;15;5;17;27;24;26;4;30;10;3;16;28;29;22;23;1;14;0,2.10096,2.10096
256,0;7;20;13;18;9;11;12;25;21;2;6;8;32;31;19;33;15;5;17;27;24;26;4;30;10;3;16;28;29;22;23;1;14;0,2.10096,2.10096
257,0;7;20;13;18;9;11;12;25;21;2;6;8;32;31;19;33;15;5;17;27;24;26;4;30;10;3;16;28;29;22;23;1;14;0,2.10096,2.10096
258,0;7;20;13;18;9;11;12;25;21;2;6;8;32;31;19;33;15;5;17;27;24;26;4;30;10;3;16;28;29;22;23;1;14;0,2.10096,2.10096
259,0;7;20;13;18;9;11;12;25;21;2;6;8;32;31;19;33;15;5;17;27;24;26;4;30;10;3;16;28;29;22;23;1;14;0,2.10096,2.10096
260,0;7;20;13;18;9;11;12;25;21;2;6;8;32;31;19;33;15;5;17;27;24;26;4;30;10;3;16;28;29;22;23;1;14;0,2.10096,2.10096
261,0;7;20;13;18;9;11;12;25;21;2;6;8;32;31;19;33;15;5;17;27;24;26;4;30;10;3;16;28;29;22;23;1;14;0,2.10096,2.10096
262,0;7;20;13;18;9;11;12;25;21;2;6;8;32;31;19;33;15;5;17;27;24;26;4;30;10;3;16;28;29;22;23;1;14;0,2.10096,2.10096
263,0;7;20;13;18;9;11;12;25;21;2;6;8;32;31;19;33;15;5;17;27;24;26;4;30;10;3;16;28;29;22;23;1;14;0,2.10096,2.10096
264,0;7;20;13;18;9;11;12;25;21;2;6;8;32;31;19;33;15;5;17;27;24;26;4;30;10;3;16;28;29;22;23;1;14;0,2.10096,2.10096
265,0;7;20;13;18;9;11;12;25;21;2;6;8;32;31;19;33;15;5;17;27;24;26;4;30;10;3;16;28;29;22;23;1;14;0,2.10096,2.10096
266,0;7;20;13;18;9;11;12;25;21;2;6;8;32;31;19;33;15;5;17;27;24;26;4;30;10;3;16;28;29;22;23;1;14;0,2.10096,2.10096
267,0;7;20;13;18;9;11;12;25;21;2;6;8;32;31;19;33;15;5;17;27;24;26;4;30;10;3;16;28;29;22;23;1;14;0,2.10096,2.10096
268,0;7;20;13;18;9;11;12;25;21;2;6;8;32;31;19;33;15;5;17;27;24;26;4;30;10;3;16;28;29;22;23;1;14;0,2.10096,2.10096
269,0;7;20;13;18;9;11;12;25;21;2;6;8;32;31;19;33;15;5;17;27;24;26;4;30;10;3;16;28;29;22;23;1;14;0,2.10096,2.10096
270,0;7;20;13;18;9;11;12;25;21;2;6;8;32;31;19;33;15;5;17;27;24;26;4;30;10;3;16;28;29;22;23;1;14;0,2.10096,2.10096
271,0;7;20;13;18;9;11;12;25;21;2;6;8;32;31;19;33;15;5;17;27;24;26;4;30;10;3;16;28;29;22;23;1;14;0,2.10096,2.10096
272,0;7;20;13;18;9;11;12;25;21;2;6;8;32;31;19;33;15;5;17;27;24;26;4;30;10;3;16;28;29;22;23;1;14;0,2.10096,2.10096
273,0;7;20;13;18;9;11;12;25;21;2;6;8;32;31;19;33;15;5;17;27;24;26;4;30;10;3;16;28;29;22;23;1;14;0,2.10096,2.10096
274,0;7;20;13;18;9;11;12;25;21;2;6;8;32;31;19;33;15;5;17;27;24;26;4;30;10;3;16;28;29;22;23;1;14;0,2.10096,2.10096
275,0;7;20;13;18;9;11;12;25;21;2;6;8;32;31;19;33;15;5;17;27;24;26;4;30;10;3;16;28;29;22;23;1;14;0,2.10096,2.10096
276,0;7;20;13;18;9;11;12;25;21;2;6;8;32;31;19;33;15;5;17;27;24;26;4;30;10;3;16;28;29;22;23;1;14;0,2.10096,2.10096
277,0;7;20;13;18;9;11;12;25;21;2;6;8;32;31;19;33;15;5;17;27;24;26;4;30;10;3;16;28;29;22;23;1;14;0,2.10096,2.10096
278,0;7;20;13;18;9;11;12;25;21;2;6;8;32;31;19;33;15;5;17;27;24;26;4;30;10;3;16;28;29;22;23;1;14;0,2.10096,2.10096
279,0;7;20;13;18;9;11;12;25;21;2;6;8;32;31;19;33;15;5;17;27;24;26;4;30;10;3;16;28;29;22;23;1;14;0,2.10096,2.10096
280,0;7;20;13;18;9;11;12;25;21;2;6;8;32;31;19;33;15;5;17;27;24;26;4;30;10;3;16;28;29;22;23;1;14;0,2.10096,2.10096
281,0;7;20;13;18;9;11;12;25;21;2;6;8;32;31;19;33;15;5;17;27;24;26;4;30;10;3;16;28;29;22;23;1;14;0,2.10096,2.10096
282,0;7;20;13;18;9;11;12;25;21;2;6;8;32;31;19;33;15;5;17;27;24;26;4;30;10;3;16;28;29;22;23;1;14;0,2.10096,2.10096
283,0;7;20;13;18;9;11;12;25;21;2;6;8;32;31;19;33;15;5;17;27;24;26;4;30;10;3;16;28;29;22;23;1;14;0,2.10096,2.10096
284,0;7;20;13;18;9;11;12;25;21;2;6;8;32;31;19;33;15;5;17;27;24;26;4;30;10;3;16;28;29;22;23;1;14;0,2.10096,2.10096
285,0;7;20;13;18;9;11;12;25;21;2;6;8;32;31;19;33;15;5;17;27;24;26;4;30;10;3;16;28;29;22;23;1;14;0,2.10096,2.10096
286,0;7;20;13;18;9;11;12;25;21;2;6;8;32;31;19;33;15;5;17;27;24;26;4;30;10;3;16;28;29;22;23;1;14;0,2.10096,2.10096
287,0;7;20;13;18;9;11;12;25;21;2;6;8;32;31;19;33;15;5;17;27;24;26;4;30;10;3;16;28;29;22;23;1;14;0,2.10096,2.10096
288,0;7;20;13;18;9;11;12;25;21;2;6;8;32;31;19;33;15;5;17;27;24;26;4;30;10;3;16;28;29;22;23;1;14;0,2.10096,2.10096
289,0;7;20;13;18;9;11;12;25;21;2;6;8;32;31;19;33;15;5;17;27;24;26;4;30;10;3;16;28;29;22;23;1;14;0,2.10096,2.10096
290,0;7;20;13;18;9;11;12;25;21;2;6;8;32;31;19;33;15;5;17;27;24;26;4;30;10;3;16;28;29;22;23;1;14;0,2.10096,2.10096
291,0;7;20;13;18;9;11;12;25;21;2;6;8;32;31;19;33;15;5;17;27;24;26;4;30;10;3;16;28;29;22;23;1;14;0,2.10096,2.10096
292,0;7;20;13;18;9;11;12;25;21;2;6;8;32;31;19;33;15;5;17;27;24;26;4;30;10;3;16;28;29;22;23;1;14;0,2.10096,2.10096
293,0;7;20;13;18;9;11;12;25;21;2;6;8;32;31;19;33;15;5;17;27;24;26;4;30;10;3;16;28;29;22;23;1;14;0,2.10096,2.10096
294,0;7;20;13;18;9;11;12;25;21;2;6;8;32;31;19;33;15;5;17;27;24;26;4;30;10;3;16;28;29;22;23;1;14;0,2.10096,2.10096
295,0;7;20;13;18;9;11;12;25;21;2;6;8;32;31;19;33;15;5;17;27;24;26;4;30;10;3;16;28;29;22;23;1;14;0,2.10096,2.10096
296,0;7;20;13;18;9;11;12;25;21;2;6;8;32;31;19;33;15;5;17;27;24;26;4;30;10;3;16;28;29;22;23;1;14;0,2.10096,2.10096
297,0;7;20;13;18;9;11;12;25;21;2;6;8;32;31;19;33;15;5;17;27;24;26;4;30;10;3;16;28;29;22;23;1;14;0,2.10096,2.10096
298,0;7;20;13;18;9;11;12;25;21;2;6;8;32;31;19;33;15;5;17;27;24;26;4;30;10;3;16;28;29;22;23;1;14;0,2.10096,2.10096
299,0;7;20;13;18;9;11;12;25;21;2;6;8;32;31;19;33;15;5;17;27;24;26;4;30;10;3;16;28;29;22;23;1;14;0,2.10096,2.10096
300,0;7;20;13;18;9;11;12;25;21;2;6;8;32;31;19;33;15;5;17;27;24;26;4;30;10;3;16;28;29;22;23;1;14;0,2.10096,2.10096
301,0;7;20;13;18;9;11;12;25;21;2;6;8;32;31;19;33;15;5;17;27;24;26;4;30;10;3;16;28;29;22;23;1;14;0,2.10096,2.10096
302,0;7;20;13;18;9;11;12;25;21;2;6;8;32;31;19;33;15;5;17;27;24;26;4;30;10;3;16;28;29;22;23;1;14;0,2.10096,2.10096
303,0;7;20;13;18;9;11;12;25;21;2;6;8;32;31;19;33;15;5;17;27;24;26;4;30;10;3;16;28;29;22;23;1;14;0,2.10096,2.10096
304,0;7;20;13;18;9;11;12;25;21;2;6;8;32;31;19;33;15;5;17;27;24;26;4;30;10;3;16;28;29;22;23;1;14;0,2.10096,2.10096
305,0;7;20;13;18;9;11;12;25;21;2;6;8;32;31;19;33;15;5;17;27;24;26;4;30;10;3;16;28;29;22;23;1;14;0,2.10096,2.10096
306,0;7;20;13;18;9;11;12;25;21;2;6;8;32;31;19;33;15;5;17;27;24;26;4;30;10;3;16;28;29;22;23;1;14;0,2.10096,2.10096
307,0;7;20;13;18;9;11;12;25;21;2;6;8;32;31;19;33;15;5;17;27;24;26;4;30;10;3;16;28;29;22;23;1;14;0,2.10096,2.10096
308,0;7;20;13;18;9;11;12;25;21;2;6;8;32;31;19;33;15;5;17;27;24;26;4;30;10;3;16;28;29;22;23;1;14;0,2.10096,2.10096
309,0;7;20;13;18;9;11;12;25;21;2;6;8;32;31;19;33;15;5;17;27;24;26;4;30;10;3;16;28;29;22;23;1;14;0,2.10096,2.10096
310,0;7;20;13;18;9;11;12;25;21;2;6;8;32;31;19;33;15;5;17;27;24;26;4;30;10;3;16;28;29;22;23;1;14;0,2.10096,2.10096
311,0;7;20;13;18;9;11;12;25;21;2;6;8;32;31;19;33;15;5;17;27;24;26;4;30;10;3;16;28;29;22;23;1;14;0,2.10096,2.10096
312,0;7;20;13;18;9;11;12;25;21;2;6;8;32;31;19;33;15;5;17;27;24;26;4;30;10;3;16;28;29;22;23;1;14;0,2.10096,2.10096
313,0;7;20;13;18;9;11;12;25;21;2;6;8;32;31;19;33;15;5;17;27;24;26;4;30;10;3;16;28;29;22;23;1;14;0,2.10096,2.10096
314,0;7;20;13;18;9;11;12;25;21;2;6;8;32;31;19;33;15;5;17;27;24;26;4;30;10;3;16;28;29;22;23;1;14;0,2.10096,2.10096
315,0;7;20;13;18;9;11;12;25;21;2;6;8;32;31;19;33;15;5;17;27;24;26;4;30;10;3;16;28;29;22;23;1;14;0,2.10096,2.10096
316,0;7;20;13;18;9;11;12;25;21;2;6;8;32;31;19;33;15;5;17;27;24;26;4;30;10;3;16;28;29;22;23;1;14;0,2.10096,2.10096
317,0;7;20;13;18;9;11;12;25;21;2;6;8;32;31;19;33;15;5;17;27;24;26;4;30;10;3;16;28;29;22;23;1;14;0,2.10096,2.10096
318,0;7;20;13;18;9;11;12;25;21;2;6;8;32;31;19;33;15;5;17;27;24;26;4;30;10;3;16;28;29;22;23;1;14;0,2.10096,2.10096
319,0;7;20;13;18;9;11;12;25;21;2;6;8;32;31;19;33;15;5;17;27;24;26;4;30;10;3;16;28;29;22;23;1;14;0,2.10096,2.10096
320,0;7;20;13;18;9;11;12;25;21;2;6;8;32;31;19;33;15;5;17;27;24;26;4;30;10;3;16;28;29;22;23;1;14;0,2.10096,2.10096
321,0;7;20;13;18;9;11;12;25;21;2;6;8;32;31;19;33;15;5;17;27;24;26;4;30;10;3;16;28;29;22;23;1;14;0,2.10096,2.10096
322,0;7;20;13;18;9;11;12;25;21;2;6;8;32;31;19;33;15;5;17;27;24;26;4;30;10;3;16;28;29;22;23;1;14;0,2.10096,2.10096
323,0;7;20;13;18;9;11;12;25;21;2;6;8;32;31;19;33;15;5;17;27;24;26;4;30;10;3;16;28;29;22;23;1;14;0,2.10096,2.10096
324,0;7;20;13;18;9;11;12;25;21;2;6;8;32;31;19;33;15;5;17;27;24;26;4;30;10;3;16;28;29;22;23;1;14;0,2.10096,2.10096
325,0;7;20;13;18;9;11;12;25;21;2;6;8;32;31;19;33;15;5;17;27;24;26;4;30;10;3;16;28;29;22;23;1;14;0,2.10096,2.10096
326,0;7;20;13;18;9;11;12;25;21;2;6;8;32;31;19;33;15;5;17;27;24;26;4;30;10;3;16;28;29;22;23;1;14;0,2.10096,2.10096
327,0;7;20;13;18;9;11;12;25;21;2;6;8;32;31;19;33;15;5;17;27;24;26;4;30;10;3;16;28;29;22;23;1;14;0,2.10096,2.10096
328,0;7;20;13;18;9;11;12;25;21;2;6;8;32;31;19;33;15;5;17;27;24;26;4;30;10;3;16;28;29;22;23;1;14;0,2.10096,2.10096
329,0;7;20;13;18;9;11;12;25;21;2;6;8;32;31;19;33;15;5;17;27;24;26;4;30;10;3;16;28;29;22;23;1;14;0,2.10096,2.10096
330,0;7;20;13;18;9;11;12;25;21;2;6;8;32;31;19;33;15;5;17;27;24;26;4;30;10;3;16;28;29;22;23;1;14;0,2.10096,2.10096
331,0;7;20;13;18;9;11;12;25;21;2;6;8;32;31;19;33;15;5;17;27;24;26;4;30;10;3;16;28;29;22;23;1;14;0,2.10096,2.10096
332,0;7;20;13;18;9;11;12;25;21;2;6;8;32;31;19;33;15;5;17;27;24;26;4;30;10;3;16;28;29;22;23;1;14;0,2.10096,2.10096
333,0;7;20;13;18;9;11;12;25;21;2;6;8;32;31;19;33;15;5;17;27;24;26;4;30;10;3;16;28;29;22;23;1;14;0,2.10096,2.10096
334,0;7;20;13;18;9;11;12;25;21;2;6;8;32;31;19;33;15;5;17;27;24;26;4;30;10;3;16;28;29;22;23;1;14;0,2.10096,2.10096
335,0;7;20;13;18;9;11;12;25;21;2;6;8;32;31;19;33;15;5;17;27;24;26;4;30;10;3;16;28;29;22;23;1;14;0,2.10096,2.10096
336,0;7;20;13;18;9;11;12;25;21;2;6;8;32;31;19;33;15;5;17;27;24;26;4;30;10;3;16;28;29;22;23;1;14;0,2.10096,2.10096
337,0;7;20;13;18;9;11;12;25;21;2;6;8;32;31;19;33;15;5;17;27;24;26;4;30;10;3;16;28;29;22;23;1;14;0,2.10096,2.10096
338,0;7;20;13;18;9;11;12;25;21;2;6;8;32;31;19;33;15;5;17;27;24;26;4;30;10;3;16;28;29;22;23;1;14;0,2.10096,2.10096
339,0;7;20;13;18;9;11;12;25;21;2;6;8;32;31;19;33;15;5;17;27;24;26;4;30;10;3;16;28;29;22;23;1;14;0,2.10096,2.10096
340,0;7;20;13;18;9;11;12;25;21;2;6;8;32;31;19;33;15;5;17;27;24;26;4;30;10;3;16;28;29;22;23;1;14;0,2.10096,2.10096
341,0;7;20;13;18;9;11;12;25;21;2;6;8;32;31;19;33;15;5;17;27;24;26;4;30;10;3;16;28;29;22;23;1;14;0,2.10096,2.10096
342,0;7;20;13;18;9;11;12;25;21;2;6;8;32;31;19;33;15;5;17;27;24;26;4;30;10;3;16;28;29;22;23;1;14;0,2.10096,2.10096
343,0;7;20;13;18;9;11;12;25;21;2;6;8;32;31;19;33;15;5;17;27;24;26;4;30;10;3;16;28;29;22;23;1;14;0,2.10096,2.10096
344,0;7;20;13;18;9;11;12;25;21;2;6;8;32;31;19;33;15;5;17;27;24;26;4;30;10;3;16;28;29;22;23;1;14;0,2.10096,2.10096
345,0;7;20;13;18;9;11;12;25;21;2;6;8;32;31;19;33;15;5;17;27;24;26;4;30;10;3;16;28;29;22;23;1;14;0,2.10096,2.10096
346,0;7;20;13;18;9;11;12;25;21;2;6;8;32;31;19;33;15;5;17;27;24;26;4;30;10;3;16;28;29;22;23;1;14;0,2.10096,2.10096
347,0;7;20;13;18;9;11;12;25;21;2;6;8;32;31;19;33;15;5;17;27;24;26;4;30;10;3;16;28;29;22;23;1;14;0,2.10096,2.10096
348,0;7;20;13;18;9;11;12;25;21;2;6;8;32;31;19;33;15;5;17;27;24;26;4;30;10;3;16;28;29;22;23;1;14;0,2.10096,2.10096
349,0;7;20;13;18;9;11;12;25;21;2;6;8;32;31;19;33;15;5;17;27;24;26;4;30;10;3;16;28;29;22;23;1;14;0,2.10096,2.10096
350,0;7;20;13;18;9;11;12;25;21;2;6;8;32;31;19;33;15;5;17;27;24;26;4;30;10;3;16;28;29;22;23;1;14;0,2.10096,2.10096
351,0;7;20;13;18;9;11;12;25;21;2;6;8;32;31;19;33;15;5;17;27;24;26;4;30;10;3;16;28;29;22;23;1;14;0,2.10096,2.10096
352,0;7;20;13;18;9;11;12;25;21;2;6;8;32;31;19;33;15;5;17;27;24;26;4;30;10;3;16;28;29;22;23;1;14;0,2.10096,2.10096
353,0;7;20;13;18;9;11;12;25;21;2;6;8;32;31;19;33;15;5;17;27;24;26;4;30;10;3;16;28;29;22;23;1;14;0,2.10096,2.10096
354,0;7;20;13;18;9;11;12;25;21;2;6;8;32;31;19;33;15;5;17;27;24;26;4;30;10;3;16;28;29;22;23;1;14;0,2.10096,2.10096
355,0;7;20;13;18;9;11;12;25;21;2;6;8;32;31;19;33;15;5;17;27;24;26;4;30;10;3;16;28;29;22;23;1;14;0,2.10096,2.10096
356,0;7;20;13;18;9;11;12;25;21;2;6;8;32;31;19;33;15;5;17;27;24;26;4;30;10;3;16;28;29;22;23;1;14;0,2.10096,2.10096
357,0;7;20;13;18;9;11;12;25;21;2;6;8;32;31;19;33;15;5;17;27;24;26;4;30;10;3;16;28;29;22;23;1;14;0,2.10096,2.10096
358,0;7;20;13;18;9;11;12;25;21;2;6;8;32;31;19;33;15;5;17;27;24;26;4;30;10;3;16;28;29;22;23;1;14;0,2.10096,2.10096
359,0;7;20;13;18;9;11;12;25;21;2;6;8;32;31;19;33;15;5;17;27;24;26;4;30;10;3;16;28;29;22;23;1;14;0,2.10096,2.10096
360,0;7;20;13;18;9;11;12;25;21;2;6;8;32;31;19;33;15;5;17;27;24;26;4;30;10;3;16;28;29;22;23;1;14;0,2.10096,2.10096
361,0;7;20;13;18;9;11;12;25;21;2;6;8;32;31;19;33;15;5;17;27;24;26;4;30;10;3;16;28;29;22;23;1;14;0,2.10096,2.10096
362,0;7;20;13;18;9;11;12;25;21;2;6;8;32;31;19;33;15;5;17;27;24;26;4;30;10;3;16;28;29;22;23;1;14;0,2.10096,2.10096
363,0;7;20;13;18;9;11;12;25;21;2;6;8;32;31;19;33;15;5;17;27;24;26;4;30;10;3;16;28;29;22;23;1;14;0,2.10096,2.10096
364,0;7;20;13;18;9;11;12;25;21;2;6;8;32;31;19;33;15;5;17;27;24;26;4;30;10;3;16;28;29;22;23;1;14;0,2.10096,2.10096
365,0;7;20;13;18;9;11;12;25;21;2;6;8;32;31;19;33;15;5;17;27;24;26;4;30;10;3;16;28;29;22;23;1;14;0,2.10096,2.10096
366,0;7;20;13;18;9;11;12;25;21;2;6;8;32;31;19;33;15;5;17;27;24;26;4;30;10;3;16;28;29;22;23;1;14;0,2.10096,2.10096
367,0;7;20;13;18;9;11;12;25;21;2;6;8;32;31;19;33;15;5;17;27;24;26;4;30;10;3;16;28;29;22;23;1;14;0,2.10096,2.10096
368,0;7;20;13;18;9;11;12;25;21;2;6;8;32;31;19;33;15;5;17;27;24;26;4;30;10;3;16;28;29;22;23;1;14;0,2.10096,2.10096
369,0;7;20;13;18;9;11;12;25;21;2;6;8;32;31;19;33;15;5;17;27;24;26;4;30;10;3;16;28;29;22;23;1;14;0,2.10096,2.10096
370,0;7;20;13;18;9;11;12;25;21;2;6;8;32;31;19;33;15;5;17;27;24;26;4;30;10;3;16;28;29;22;23;1;14;0,2.10096,2.10096
371,0;7;20;13;18;9;11;12;25;21;2;6;8;32;31;19;33;15;5;17;27;24;26;4;30;10;3;16;28;29;22;23;1;14;0,2.10096,2.10096
372,0;7;20;13;18;9;11;12;25;21;2;6;8;32;31;19;33;15;5;17;27;24;26;4;30;10;3;16;28;29;22;23;1;14;0,2.10096,2.10096
373,0;7;20;13;18;9;11;12;25;21;2;6;8;32;31;19;33;15;5;17;27;24;26;4;30;10;3;16;28;29;22;23;1;14;0,2.10096,2.10096
374,0;7;20;13;18;9;11;12;25;21;2;6;8;32;31;19;33;15;5;17;27;24;26;4;30;10;3;16;28;29;22;23;1;14;0,2.10096,2.10096
375,0;7;20;13;18;9;11;12;25;21;2;6;8;32;31;19;33;15;5;17;27;24;26;4;30;10;3;16;28;29;22;23;1;14;0,2.10096,2.10096
376,0;7;20;13;18;9;11;12;25;21;2;6;8;32;31;19;33;15;5;17;27;24;26;4;30;10;3;16;28;29;22;23;1;14;0,2.10096,2.10096
377,0;7;20;13;18;9;11;12;25;21;2;6;8;32;31;19;33;15;5;17;27;24;26;4;30;10;3;16;28;29;22;23;1;14;0,2.10096,2.10096
378,0;7;20;13;18;9;11;12;25;21;2;6;8;32;31;19;33;15;5;17;27;24;26;4;30;10;3;16;28;29;22;23;1;14;0,2.10096,2.10096
379,0;7;20;13;18;9;11;12;25;21;2;6;8;32;31;19;33;15;5;17;27;24;26;4;30;10;3;16;28;29;22;23;1;14;0,2.10096,2.10096
380,0;7;20;13;18;9;11;12;25;21;2;6;8;32;31;19;33;15;5;17;27;24;26;4;30;10;3;16;28;29;22;23;1;14;0,2.10096,2.10096
381,0;7;20;13;18;9;11;12;25;21;2;6;8;32;31;19;33;15;5;17;27;24;26;4;30;10;3;16;28;29;22;23;1;14;0,2.10096,2.10096
382,0;7;20;13;18;9;11;12;25;21;2;6;8;32;31;19;33;15;5;17;27;24;26;4;30;10;3;16;28;29;22;23;1;14;0,2.10096,2.10096
383,0;7;20;13;18;9;11;12;25;21;2;6;8;32;31;19;33;15;5;17;27;24;26;4;30;10;3;16;28;29;22;23;1;14;0,2.10096,2.10096
384,0;7;20;13;18;9;11;12;25;21;2;6;8;32;31;19;33;15;5;17;27;24;26;4;30;10;3;16;28;29;22;23;1;14;0,2.10096,2.10096
385,0;7;20;13;18;9;11;12;25;21;2;6;8;32;31;19;33;15;5;17;27;24;26;4;30;10;3;16;28;29;22;23;1;14;0,2.10096,2.10096
386,0;7;20;13;18;9;11;12;25;21;2;6;8;32;31;19;33;15;5;17;27;24;26;4;30;10;3;16;28;29;22;23;1;14;0,2.10096,2.10096
387,0;7;20;13;18;9;11;12;25;21;2;6;8;32;31;19;33;15;5;17;27;24;26;4;30;10;3;16;28;29;22;23;1;14;0,2.10096,2.10096
388,0;7;20;13;18;9;11;12;25;21;2;6;8;32;31;19;33;15;5;17;27;24;26;4;30;10;3;16;28;29;22;23;1;14;0,2.10096,2.10096
389,0;7;20;13;18;9;11;12;25;21;2;6;8;32;31;19;33;15;5;17;27;24;26;4;30;10;3;16;28;29;22;23;1;14;0,2.10096,2.10096
390,0;7;20;13;18;9;11;12;25;21;2;6;8;32;31;19;33;15;5;17;27;24;26;4;30;10;3;16;28;29;22;23;1;14;0,2.10096,2.10096
391,0;7;20;13;18;9;11;12;25;21;2;6;8;32;31;19;33;15;5;17;27;24;26;4;30;10;3;16;28;29;22;23;1;14;0,2.10096,2.10096
392,0;7;20;13;18;9;11;12;25;21;2;6;8;32;31;19;33;15;5;17;27;24;26;4;30;10;3;16;28;29;22;23;1;14;0,2.10096,2.10096
393,0;7;20;13;18;9;11;12;25;21;2;6;8;32;31;19;33;15;5;17;27;24;26;4;30;10;3;16;28;29;22;23;1;14;0,2.10096,2.10096
394,0;7;20;13;18;9;11;12;25;21;2;6;8;32;31;19;33;15;5;17;27;24;26;4;30;10;3;16;28;29;22;23;1;14;0,2.10096,2.10096
395,0;7;20;13;18;9;11;12;25;21;2;6;8;32;31;19;33;15;5;17;27;24;26;4;30;10;3;16;28;29;22;23;1;14;0,2.10096,2.10096
396,0;7;20;13;18;9;11;12;25;21;2;6;8;32;31;19;33;15;5;17;27;24;26;4;30;10;3;16;28;29;22;23;1;14;0,2.10096,2.10096
397,0;7;20;13;18;9;11;12;25;21;2;6;8;32;31;19;33;15;5;17;27;24;26;4;30;10;3;16;28;29;22;23;1;14;0,2.10096,2.10096
398,0;7;20;13;18;9;11;12;25;21;2;6;8;32;31;19;33;15;5;17;27;24;26;4;30;10;3;16;28;29;22;23;1;14;0,2.10096,2.10096
399,0;7;20;13;18;9;11;12;25;21;2;6;8;32;31;19;33;15;5;17;27;24;26;4;30;10;3;16;28;29;22;23;1;14;0,2.10096,2.10096
400,0;7;20;13;18;9;11;12;25;21;2;6;8;32;31;19;33;15;5;17;27;24;26;4;30;10;3;16;28;29;22;23;1;14;0,2.10096,2.10096
401,0;7;20;13;18;9;11;12;25;21;2;6;8;32;31;19;33;15;5;17;27;24;26;4;30;10;3;16;28;29;22;23;1;14;0,2.10096,2.10096
402,0;7;20;13;18;9;11;12;25;21;2;6;8;32;31;19;33;15;5;17;27;24;26;4;30;10;3;16;28;29;22;23;1;14;0,2.10096,2.10096
403,0;7;20;13;18;9;11;12;25;21;2;6;8;32;31;19;33;15;5;17;27;24;26;4;30;10;3;16;28;29;22;23;1;14;0,2.10096,2.10096
404,0;7;20;13;18;9;11;12;25;21;2;6;8;32;31;19;33;15;5;17;27;24;26;4;30;10;3;16;28;29;22;23;1;14;0,2.10096,2.10096
405,0;7;20;13;18;9;11;12;25;21;2;6;8;32;31;19;33;15;5;17;27;24;26;4;30;10;3;16;28;29;22;23;1;14;0,2.10096,2.10096
406,0;7;20;13;18;9;11;12;25;21;2;6;8;32;31;19;33;15;5;17;27;24;26;4;30;10;3;16;28;29;22;23;1;14;0,2.10096,2.10096
407,0;7;20;13;18;9;11;12;25;21;2;6;8;32;31;19;33;15;5;17;27;24;26;4;30;10;3;16;28;29;22;23;1;14;0,2.10096,2.10096
408,0;7;20;13;18;9;11;12;25;21;2;6;8;32;31;19;33;15;5;17;27;24;26;4;30;10;3;16;28;29;22;23;1;14;0,2.10096,2.10096
409,0;7;20;13;18;9;11;12;25;21;2;6;8;32;31;19;33;15;5;17;27;24;26;4;30;10;3;16;28;29;22;23;1;14;0,2.10096,2.10096
410,0;7;20;13;18;9;11;12;25;21;2;6;8;32;31;19;33;15;5;17;27;24;26;4;30;10;3;16;28;29;22;23;1;14;0,2.10096,2.10096
411,0;7;20;13;18;9;11;12;25;21;2;6;8;32;31;19;33;15;5;17;27;24;26;4;30;10;3;16;28;29;22;23;1;14;0,2.10096,2.10096
412,0;7;20;13;18;9;11;12;25;21;2;6;8;32;31;19;33;15;5;17;27;24;26;4;30;10;3;16;28;29;22;23;1;14;0,2.10096,2.10096
413,0;7;20;13;18;9;11;12;25;21;2;6;8;32;31;19;33;15;5;17;27;24;26;4;30;10;3;16;28;29;22;23;1;14;0,2.10096,2.10096
414,0;7;20;13;18;9;11;12;25;21;2;6;8;32;31;19;33;15;5;17;27;24;26;4;30;10;3;16;28;29;22;23;1;14;0,2.10096,2.10096
415,0;7;20;13;18;9;11;12;25;21;2;6;8;32;31;19;33;15;5;17;27;24;26;4;30;10;3;16;28;29;22;23;1;14;0,2.10096,2.10096
416,0;7;20;13;18;9;11;12;25;21;2;6;8;32;31;19;33;15;5;17;27;24;26;4;30;10;3;16;28;29;22;23;1;14;0,2.10096,2.10096
417,0;7;20;13;18;9;11;12;25;21;2;6;8;32;31;19;33;15;5;17;27;24;26;4;30;10;3;16;28;29;22;23;1;14;0,2.10096,2.10096
418,0;7;20;13;18;9;11;12;25;21;2;6;8;32;31;19;33;15;5;17;27;24;26;4;30;10;3;16;28;29;22;23;1;14;0,2.10096,2.10096
419,0;7;20;13;18;9;11;12;25;21;2;6;8;32;31;19;33;15;5;17;27;24;26;4;30;10;3;16;28;29;22;23;1;14;0,2.10096,2.10096
420,0;7;20;13;18;9;11;12;25;21;2;6;8;32;31;19;33;15;5;17;27;24;26;4;30;10;3;16;28;29;22;23;1;14;0,2.10096,2.10096
421,0;7;20;13;18;9;11;12;25;21;2;6;8;32;31;19;33;15;5;17;27;24;26;4;30;10;3;16;28;29;22;23;1;14;0,2.10096,2.10096
422,0;7;20;13;18;9;11;12;25;21;2;6;8;32;31;19;33;15;5;17;27;24;26;4;30;10;3;16;28;29;22;23;1;14;0,2.10096,2.10096
423,0;7;20;13;18;9;11;12;25;21;2;6;8;32;31;19;33;15;5;17;27;24;26;4;30;10;3;16;28;29;22;23;1;14;0,2.10096,2.10096
424,0;7;20;13;18;9;11;12;25;21;2;6;8;32;31;19;33;15;5;17;27;24;26;4;30;10;3;16;28;29;22;23;1;14;0,2.10096,2.10096
425,0;7;20;13;18;9;11;12;25;21;2;6;8;32;31;19;33;15;5;17;27;24;26;4;30;10;3;16;28;29;22;23;1;14;0,2.10096,2.10096
426,0;7;20;13;18;9;11;12;25;21;2;6;8;32;31;19;33;15;5;17;27;24;26;4;30;10;3;16;28;29;22;23;1;14;0,2.10096,2.10096
427,0;7;20;13;18;9;11;12;25;21;2;6;8;32;31;19;33;15;5;17;27;24;26;4;30;10;3;16;28;29;22;23;1;14;0,2.10096,2.10096
428,0;7;20;13;18;9;11;12;25;21;2;6;8;32;31;19;33;15;5;17;27;24;26;4;30;10;3;16;28;29;22;23;1;14;0,2.10096,2.10096
429,0;7;20;13;18;9;11;12;25;21;2;6;8;32;31;19;33;15;5;17;27;24;26;4;30;10;3;16;28;29;22;23;1;14;0,2.10096,2.10096
430,0;7;20;13;18;9;11;12;25;21;2;6;8;32;31;19;33;15;5;17;27;24;26;4;30;10;3;16;28;29;22;23;1;14;0,2.10096,2.10096
431,0;7;20;13;18;9;11;12;25;21;2;6;8;32;31;19;33;15;5;17;27;24;26;4;30;10;3;16;28;29;22;23;1;14;0,2.10096,2.10096
432,0;7;20;13;18;9;11;12;25;21;2;6;8;32;31;19;33;15;5;17;27;24;26;4;30;10;3;16;28;29;22;23;1;14;0,2.10096,2.10096
433,0;7;20;13;18;9;11;12;25;21;2;6;8;32;31;19;33;15;5;17;27;24;26;4;30;10;3;16;28;29;22;23;1;14;0,2.10096,2.10096
434,0;7;20;13;18;9;11;12;25;21;2;6;8;32;31;19;33;15;5;17;27;24;26;4;30;10;3;16;28;29;22;23;1;14;0,2.10096,2.10096
435,0;7;20;13;18;9;11;12;25;21;2;6;8;32;31;19;33;15;5;17;27;24;26;4;30;10;3;16;28;29;22;23;1;14;0,2.10096,2.10096
436,0;7;20;13;18;9;11;12;25;21;2;6;8;32;31;19;33;15;5;17;27;24;26;4;30;10;3;16;28;29;22;23;1;14;0,2.10096,2.10096
437,0;7;20;13;18;9;11;12;25;21;2;6;8;32;31;19;33;15;5;17;27;24;26;4;30;10;3;16;28;29;22;23;1;14;0,2.10096,2.10096
438,0;7;20;13;18;9;11;12;25;21;2;6;8;32;31;19;33;15;5;17;27;24;26;4;30;10;3;16;28;29;22;23;1;14;0,2.10096,2.10096
439,0;7;20;13;18;9;11;12;25;21;2;6;8;32;31;19;33;15;5;17;27;24;26;4;30;10;3;16;28;29;22;23;1;14;0,2.10096,2.10096
440,0;7;20;13;18;9;11;12;25;21;2;6;8;32;31;19;33;15;5;17;27;24;26;4;30;10;3;16;28;29;22;23;1;14;0,2.10096,2.10096
441,0;7;20;13;18;9;11;12;25;21;2;6;8;32;31;19;33;15;5;17;27;24;26;4;30;10;3;16;28;29;22;23;1;14;0,2.10096,2.10096
442,0;7;20;13;18;9;11;12;25;21;2;6;8;32;31;19;33;15;5;17;27;24;26;4;30;10;3;16;28;29;22;23;1;14;0,2.10096,2.10096
443,0;7;20;13;18;9;11;12;25;21;2;6;8;32;31;19;33;15;5;17;27;24;26;4;30;10;3;16;28;29;22;23;1;14;0,2.10096,2.10096
444,0;7;20;13;18;9;11;12;25;21;2;6;8;32;31;19;33;15;5;17;27;24;26;4;30;10;3;16;28;29;22;23;1;14;0,2.10096,2.10096
445,0;7;20;13;18;9;11;12;25;21;2;6;8;32;31;19;33;15;5;17;27;24;26;4;30;10;3;16;28;29;22;23;1;14;0,2.10096,2.10096
446,0;7;20;13;18;9;11;12;25;21;2;6;8;32;31;19;33;15;5;17;27;24;26;4;30;10;3;16;28;29;22;23;1;14;0,2.10096,2.10096
447,0;7;20;13;18;9;11;12;25;21;2;6;8;32;31;19;33;15;5;17;27;24;26;4;30;10;3;16;28;29;22;23;1;14;0,2.10096,2.10096
448,0;7;20;13;18;9;11;12;25;21;2;6;8;32;31;19;33;15;5;17;27;24;26;4;30;10;3;16;28;29;22;23;1;14;0,2.10096,2.10096
449,0;7;20;13;18;9;11;12;25;21;2;6;8;32;31;19;33;15;5;17;27;24;26;4;30;10;3;16;28;29;22;23;1;14;0,2.10096,2.10096
450,0;7;20;13;18;9;11;12;25;21;2;6;8;32;31;19;33;15;5;17;27;24;26;4;30;10;3;16;28;29;22;23;1;14;0,2.10096,2.10096
451,0;7;20;13;18;9;11;12;25;21;2;6;8;32;31;19;33;15;5;17;27;24;26;4;30;10;3;16;28;29;22;23;1;14;0,2.10096,2.10096
452,0;7;20;13;18;9;11;12;25;21;2;6;8;32;31;19;33;15;5;17;27;24;26;4;30;10;3;16;28;29;22;23;1;14;0,2.10096,2.10096
453,0;7;20;13;18;9;11;12;25;21;2;6;8;32;31;19;33;15;5;17;27;24;26;4;30;10;3;16;28;29;22;23;1;14;0,2.10096,2.10096
454,0;7;20;13;18;9;11;12;25;21;2;6;8;32;31;19;33;15;5;17;27;24;26;4;30;10;3;16;28;29;22;23;1;14;0,2.10096,2.10096
455,0;7;20;13;18;9;11;12;25;21;2;6;8;32;31;19;33;15;5;17;27;24;26;4;30;10;3;16;28;29;22;23;1;14;0,2.10096,2.10096
456,0;7;20;13;18;9;11;12;25;21;2;6;8;32;31;19;33;15;5;17;27;24;26;4;30;10;3;16;28;29;22;23;1;14;0,2.10096,2.10096
457,0;7;20;13;18;9;11;12;25;21;2;6;8;32;31;19;33;15;5;17;27;24;26;4;30;10;3;16;28;29;22;23;1;14;0,2.10096,2.10096
458,0;7;20;13;18;9;11;12;25;21;2;6;8;32;31;19;33;15;5;17;27;24;26;4;30;10;3;16;28;29;22;23;1;14;0,2.10096,2.10096
459,0;7;20;13;18;9;11;12;25;21;2;6;8;32;31;19;33;15;5;17;27;24;26;4;30;10;3;16;28;29;22;23;1;14;0,2.10096,2.10096
460,0;7;20;13;18;9;11;12;25;21;2;6;8;32;31;19;33;15;5;17;27;24;26;4;30;10;3;16;28;29;22;23;1;14;0,2.10096,2.10096
461,0;7;20;13;18;9;11;12;25;21;2;6;8;32;31;19;33;15;5;17;27;24;26;4;30;10;3;16;28;29;22;23;1;14;0,2.10096,2.10096
462,0;7;20;13;18;9;11;12;25;21;2;6;8;32;31;19;33;15;5;17;27;24;26;4;30;10;3;16;28;29;22;23;1;14;0,2.10096,2.10096
463,0;7;20;13;18;9;11;12;25;21;2;6;8;32;31;19;33;15;5;17;27;24;26;4;30;10;3;16;28;29;22;23;1;14;0,2.10096,2.10096
464,0;7;20;13;18;9;11;12;25;21;2;6;8;32;31;19;33;15;5;17;27;24;26;4;30;10;3;16;28;29;22;23;1;14;0,2.10096,2.10096
465,0;7;20;13;18;9;11;12;25;21;2;6;8;32;31;19;33;15;5;17;27;24;26;4;30;10;3;16;28;29;22;23;1;14;0,2.10096,2.10096
466,0;7;20;13;18;9;11;12;25;21;2;6;8;32;31;19;33;15;5;17;27;24;26;4;30;10;3;16;28;29;22;23;1;14;0,2.10096,2.10096
467,0;7;20;13;18;9;11;12;25;21;2;6;8;32;31;19;33;15;5;17;27;24;26;4;30;10;3;16;28;29;22;23;1;14;0,2.10096,2.10096
468,0;7;20;13;18;9;11;12;25;21;2;6;8;32;31;19;33;15;5;17;27;24;26;4;30;10;3;16;28;29;22;23;1;14;0,2.10096,2.10096
469,0;7;20;13;18;9;11;12;25;21;2;6;8;32;31;19;33;15;5;17;27;24;26;4;30;10;3;16;28;29;22;23;1;14;0,2.10096,2.10096
470,0;7;20;13;18;9;11;12;25;21;2;6;8;32;31;19;33;15;5;17;27;24;26;4;30;10;3;16;28;29;22;23;1;14;0,2.10096,2.10096
471,0;7;20;13;18;9;11;12;25;21;2;6;8;32;31;19;33;15;5;17;27;24;26;4;30;10;3;16;28;29;22;23;1;14;0,2.10096,2.10096
472,0;7;20;13;18;9;11;12;25;21;2;6;8;32;31;19;33;15;5;17;27;24;26;4;30;10;3;16;28;29;22;23;1;14;0,2.10096,2.10096
473,0;7;20;13;18;9;11;12;25;21;2;6;8;32;31;19;33;15;5;17;27;24;26;4;30;10;3;16;28;29;22;23;1;14;0,2.10096,2.10096
474,0;7;20;13;18;9;11;12;25;21;2;6;8;32;31;19;33;15;5;17;27;24;26;4;30;10;3;16;28;29;22;23;1;14;0,2.10096,2.10096
475,0;7;20;13;18;9;11;12;25;21;2;6;8;32;31;19;33;15;5;17;27;24;26;4;30;10;3;16;28;29;22;23;1;14;0,2.10096,2.10096
476,0;7;20;13;18;9;11;12;25;21;2;6;8;32;31;19;33;15;5;17;27;24;26;4;30;10;3;16;28;29;22;23;1;14;0,2.10096,2.10096
477,0;7;20;13;18;9;11;12;25;21;2;6;8;32;31;19;33;15;5;17;27;24;26;4;30;10;3;16;28;29;22;23;1;14;0,2.10096,2.10096
478,0;7;20;13;18;9;11;12;25;21;2;6;8;32;31;19;33;15;5;17;27;24;26;4;30;10;3;16;28;29;22;23;1;14;0,2.10096,2.10096
479,0;7;20;13;18;9;11;12;25;21;2;6;8;32;31;19;33;15;5;17;27;24;26;4;30;10;3;16;28;29;22;23;1;14;0,2.10096,2.10096
480,0;7;20;13;18;9;11;12;25;21;2;6;8;32;31;19;33;15;5;17;27;24;26;4;30;10;3;16;28;29;22;23;1;14;0,2.10096,2.10096
481,0;7;20;13;18;9;11;12;25;21;2;6;8;32;31;19;33;15;5;17;27;24;26;4;30;10;3;16;28;29;22;23;1;14;0,2.10096,2.10096
482,0;7;20;13;18;9;11;12;25;21;2;6;8;32;31;19;33;15;5;17;27;24;26;4;30;10;3;16;28;29;22;23;1;14;0,2.10096,2.10096
483,0;7;20;13;18;9;11;12;25;21;2;6;8;32;31;19;33;15;5;17;27;24;26;4;30;10;3;16;28;29;22;23;1;14;0,2.10096,2.10096
484,0;7;20;13;18;9;11;12;25;21;2;6;8;32;31;19;33;15;5;17;27;24;26;4;30;10;3;16;28;29;22;23;1;14;0,2.10096,2.10096
485,0;7;20;13;18;9;11;12;25;21;2;6;8;32;31;19;33;15;5;17;27;24;26;4;30;10;3;16;28;29;22;23;1;14;0,2.10096,2.10096
486,0;7;20;13;18;9;11;12;25;21;2;6;8;32;31;19;33;15;5;17;27;24;26;4;30;10;3;16;28;29;22;23;1;14;0,2.10096,2.10096
487,0;7;20;13;18;9;11;12;25;21;2;6;8;32;31;19;33;15;5;17;27;24;26;4;30;10;3;16;28;29;22;23;1;14;0,2.10096,2.10096
488,0;7;20;13;18;9;11;12;25;21;2;6;8;32;31;19;33;15;5;17;27;24;26;4;30;10;3;16;28;29;22;23;1;14;0,2.10096,2.10096
489,0;7;20;13;18;9;11;12;25;21;2;6;8;32;31;19;33;15;5;17;27;24;26;4;30;10;3;16;28;29;22;23;1;14;0,2.10096,2.10096
490,0;7;20;13;18;9;11;12;25;21;2;6;8;32;31;19;33;15;5;17;27;24;26;4;30;10;3;16;28;29;22;23;1;14;0,2.10096,2.10096
491,0;7;20;13;18;9;11;12;25;21;2;6;8;32;31;19;33;15;5;17;27;24;26;4;30;10;3;16;28;29;22;23;1;14;0,2.10096,2.10096
492,0;7;20;13;18;9;11;12;25;21;2;6;8;32;31;19;33;15;5;17;27;24;26;4;30;10;3;16;28;29;22;23;1;14;0,2.10096,2.10096
493,0;7;20;13;18;9;11;12;25;21;2;6;8;32;31;19;33;15;5;17;27;24;26;4;30;10;3;16;28;29;22;23;1;14;0,2.10096,2.10096
494,0;7;20;13;18;9;11;12;25;21;2;6;8;32;31;19;33;15;5;17;27;24;26;4;30;10;3;16;28;29;22;23;1;14;0,2.10096,2.10096
495,0;7;20;13;18;9;11;12;25;21;2;6;8;32;31;19;33;15;5;17;27;24;26;4;30;10;3;16;28;29;22;23;1;14;0,2.10096,2.10096
496,0;7;20;13;18;9;11;12;25;21;2;6;8;32;31;19;33;15;5;17;27;24;26;4;30;10;3;16;28;29;22;23;1;14;0,2.10096,2.10096
497,0;7;20;13;18;9;11;12;25;21;2;6;8;32;31;19;33;15;5;17;27;24;26;4;30;10;3;16;28;29;22;23;1;14;0,2.10096,2.10096
498,0;7;20;13;18;9;11;12;25;21;2;6;8;32;31;19;33;15;5;17;27;24;26;4;30;10;3;16;28;29;22;23;1;14;0,2.10096,2.10096
499,0;7;20;13;18;9;11;12;25;21;2;6;8;32;31;19;33;15;5;17;27;24;26;4;30;10;3;16;28;29;22;23;1;14;0,2.10096,2.10096
