mu,sigma,integral,error
0.987349,1.00722,0.759927,0.0466423
1.00257,1.02832,0.548853,0.0384536
0.980389,1.02817,0.635718,0.0441299
0.997093,1.04797,0.922738,0.0632202
1.00755,1.05075,0.653582,0.0390112
0.988563,1.02602,0.510269,0.0384452
0.988563,1.02602,0.510269,0.0384452
1.01302,1.03356,0.852973,0.0558691
0.990528,1.01594,0.602428,0.0379917
0.986393,1.01426,0.539659,0.0443748
0.989566,1.0024,0.739497,0.0547597
0.994441,1.0268,0.774927,0.0481022
0.994312,1.0078,0.497497,0.0432422
1.01087,0.997934,0.641389,0.0496477
0.990152,0.987227,0.667088,0.0389908
0.996141,0.980666,0.527733,0.0380506
1.00956,0.99453,0.761653,0.0519139
1.00194,0.972882,0.419951,0.0337688
1.0014,0.968616,0.58262,0.0409264
1.01226,0.943713,0.611901,0.039398
1.00075,0.967596,0.47977,0.0402139
0.976696,0.990654,0.508904,0.0394627
0.99912,1.01459,0.549703,0.0369097
1.01697,1.03689,0.703935,0.0410893
1.02655,1.03007,0.75453,0.0464583
1.02857,1.03386,0.746254,0.04623
1.01492,1.05251,0.449659,0.0379717
0.992401,1.04179,0.725604,0.0510573
0.995602,1.05858,0.901425,0.0534404
0.999287,1.05434,0.78107,0.0532625
1.01801,1.06893,1.25165,0.0755166
1.01808,1.0566,0.796246,0.0507631
1.01232,1.05681,0.888717,0.0584109
1.01534,1.05882,0.738708,0.059764
0.992952,1.05396,0.930933,0.0480803
0.975276,1.06125,0.846635,0.0586961
0.988727,1.04645,0.636931,0.0497511
1.00472,1.03493,0.857265,0.0542463
0.99621,1.018,0.57343,0.0352299
1.00242,1.00247,0.73586,0.0437867
1.00871,1.02729,0.682915,0.0408326
1.02226,1.02518,1.00501,0.0594356
1.04229,1.03696,0.95758,0.0462482
1.02943,1.03517,0.562384,0.0390962
1.02594,1.01091,0.695296,0.03973
1.01068,1.01733,0.645911,0.0411097
1.02783,1.01964,0.716161,0.048687
1.04286,1.01205,0.781821,0.0681891
1.03886,1.00593,0.732821,0.0414956
1.05289,1.00982,0.864181,0.0557963
1.07426,1.00939,1.12948,0.0724024
1.08383,1.02539,0.917796,0.0453531
1.06575,1.03734,1.12969,0.0762339
1.07884,1.01262,1.34545,0.0888806
1.0925,0.998811,0.984551,0.0524593
1.08813,0.995393,0.896716,0.0555901
1.0967,0.978314,0.703287,0.0475227
1.09103,0.975533,1.02496,0.0487875
1.08144,0.98107,0.881623,0.0483819
1.06955,0.969081,0.711001,0.0351374
1.07547,0.959818,0.485143,0.0346263
1.06178,0.941426,0.656217,0.0385713
1.03849,0.934212,0.345703,0.0392943
1.06164,0.91179,0.593105,0.0407507
1.04229,0.906937,0.473791,0.0328241
1.06615,0.905292,0.792566,0.0404439
1.08094,0.923037,0.719409,0.0392971
1.08092,0.914862,0.695508,0.0427099
1.09721,0.901772,0.656321,0.0398934
1.0876,0.925915,0.729263,0.0428832
1.10905,0.940143,0.945418,0.0496535
1.10033,0.925742,0.628534,0.0333486
1.12333,0.941224,0.89929,0.0583933
1.12382,0.925797,0.774666,0.0446813
1.12382,0.925797,0.774666,0.0446813
1.10061,0.916096,0.61163,0.0371577
1.11842,0.923102,0.637261,0.0389574
1.14172,0.929603,0.982253,0.0518967
1.11735,0.932979,0.967979,0.0437297
1.13205,0.917186,1.0563,0.0525287
1.12668,0.912141,0.911192,0.0472312
1.14099,0.919458,0.82983,0.0485235
1.12829,0.897472,0.632465,0.0361044
1.12392,0.896994,0.88415,0.0416044
1.11358,0.876368,0.508359,0.0297055
1.09029,0.8588,0.341095,0.029678
1.11444,0.868716,0.577,0.0344675
1.12164,0.8812,0.77288,0.0667222
1.11951,0.870622,0.570128,0.0342451
1.13358,0.85396,0.922492,0.0392942
1.13937,0.86126,0.692769,0.0392399
1.14121,0.871083,0.596849,0.0322322
1.12826,0.855892,0.453163,0.0294975
1.11946,0.866908,0.598081,0.034295
1.14422,0.885437,0.751484,0.0411689
1.15635,0.902822,0.810386,0.039605
1.14392,0.920495,0.871667,0.0401524
1.13176,0.916352,0.930177,0.0428011
1.1344,0.940954,0.789183,0.0355811
1.13071,0.956988,1.15688,0.0524308
1.1424,0.978407,1.39103,0.0601377
1.1281,0.969397,0.938022,0.0547421
1.12766,0.96781,1.06267,0.0649425
1.12568,0.96976,0.938011,0.0462523
1.11841,0.986541,1.26025,0.0586874
1.13355,1.01077,1.32024,0.0557534
1.15454,1.00966,1.29317,0.0606343
1.14747,0.999436,1.22557,0.05622
1.14534,1.00813,1.24051,0.0842706
1.12564,1.02893,1.3739,0.0630048
1.13394,1.01598,1.52017,0.072547
1.15082,1.0355,1.45986,0.0662287
1.14487,1.04267,1.60066,0.0897
1.1599,1.06097,1.83364,0.077904
1.17534,1.07416,1.85934,0.0910345
1.19668,1.06807,1.9736,0.0938954
1.21147,1.08685,2.33462,0.0904454
1.23439,1.11094,2.68647,0.101399
1.20996,1.10244,2.4935,0.120416
1.21273,1.12163,2.48653,0.114173
1.19975,1.10809,1.65228,0.0789432
1.20418,1.10511,2.11635,0.0781515
1.19888,1.08958,2.17535,0.0996394
1.21623,1.08683,2.18944,0.0926554
1.19514,1.06482,1.75548,0.0730718
1.18805,1.0538,1.53183,0.0663299
1.16434,1.05178,1.63244,0.0718057
1.18082,1.06528,1.83142,0.06974
1.16763,1.06474,1.60118,0.0768477
1.15927,1.0447,1.50876,0.062051
1.17829,1.04062,1.35151,0.059806
1.18496,1.03652,1.88855,0.067611
1.19003,1.0449,1.57239,0.0595325
1.19003,1.0449,1.57239,0.0595325
1.17177,1.0292,1.36397,0.0680896
1.18783,1.0248,1.31884,0.0577493
1.18636,1.00711,1.46423,0.0649796
1.2,1.01193,1.43218,0.0601273
1.20305,1.03049,1.58169,0.0694642
1.20099,1.01764,1.72013,0.0802234
1.20097,0.995735,1.55392,0.0620474
1.21991,0.97832,1.18002,0.045736
1.20137,0.959865,1.48094,0.0516763
1.20628,0.940101,1.50807,0.0546899
1.19063,0.940391,1.03991,0.0452486
1.17088,0.934973,1.0193,0.0472253
1.15427,0.946139,0.999631,0.0475194
1.16301,0.967473,1.41944,0.0570346
1.18059,0.967027,1.78496,0.0797895
1.20535,0.973149,1.40905,0.0588687
1.18112,0.951503,1.54753,0.088088
1.15803,0.931932,0.976331,0.0502102
1.16541,0.925559,1.22927,0.0556413
1.18101,0.939008,1.18606,0.0484961
1.16562,0.935622,0.970075,0.0510402
1.16758,0.913173,1.00377,0.0473861
1.16951,0.920424,1.22184,0.0519838
1.17076,0.942681,1.07697,0.0456529
1.14867,0.949512,0.968635,0.0516809
1.14229,0.959427,1.15208,0.0501431
1.16381,0.970444,1.07684,0.0454463
1.14942,0.96303,1.30096,0.0611822
1.15655,0.981166,1.14268,0.0527621
1.16814,1.00136,1.18306,0.0491698
1.16814,1.00136,1.18306,0.0491698
1.17663,0.978586,1.22888,0.0579498
1.1518,0.968961,1.1911,0.0631579
1.14208,0.989289,0.918832,0.0498622
1.14834,0.987808,1.38458,0.0625301
1.1695,1.00135,1.54009,0.078955
1.18567,0.983259,1.60183,0.0592535
1.16999,0.978252,1.59883,0.0697832
1.15694,0.986569,1.76779,0.0843287
1.15319,0.985915,1.15178,0.055355
1.17765,1.0083,1.47147,0.0532583
1.19394,0.999844,1.78158,0.072475
1.2097,1.02105,1.73126,0.0645507
1.19845,1.03121,1.81976,0.0662517
1.18064,1.02298,1.77645,0.0816191
1.18929,1.03829,1.59437,0.0613402
1.18539,1.03023,1.5056,0.0555732
1.1981,1.03119,1.91113,0.0919024
1.19708,1.01144,1.59443,0.076047
1.21892,1.00516,1.87337,0.0654793
1.24146,0.981636,1.57115,0.0675033
1.2167,0.969582,1.45182,0.0568235
1.22658,0.947948,1.85713,0.0681876
1.22114,0.97057,1.75272,0.0626081
1.24232,0.95081,1.68825,0.0587165
1.25307,0.969821,1.69586,0.0537917
1.26299,0.981296,2.10079,0.0799008
1.2677,0.961484,1.74436,0.0643129
1.2677,0.961484,1.74436,0.0643129
1.25682,0.975769,1.98131,0.0669153
1.25203,0.993764,2.03182,0.0890662
1.2578,0.97229,2.00463,0.0657874
1.25549,0.957522,1.62576,0.0656485
1.2801,0.981741,2.14311,0.061861
1.27997,0.989363,2.12397,0.0686573
1.26084,0.991338,2.17185,0.0821739
1.2439,0.971977,1.64209,0.0588656
1.23278,0.973879,1.65473,0.0563952
1.25128,0.950951,1.70956,0.0562164
1.23266,0.960557,1.61968,0.0632489
1.20899,0.97933,1.78167,0.0743673
1.22996,0.972579,2.0105,0.0790061
1.22303,0.981009,1.42056,0.0705862
1.21197,0.987303,1.48705,0.0662026
1.23151,0.9705,1.52623,0.0617288
1.21107,0.96435,1.47993,0.0567235
1.22547,0.968919,1.72305,0.0626781
1.24246,0.950592,1.72402,0.0637681
1.25662,0.927407,1.76305,0.0701318
1.23877,0.946743,1.63842,0.0820624
1.23018,0.947519,1.56204,0.0693046
1.21201,0.941861,1.39597,0.0487462
1.22923,0.917671,1.33419,0.0462157
1.22923,0.917671,1.33419,0.0462157
1.23909,0.896778,1.18218,0.0427731
1.24271,0.921688,1.48574,0.0521663
1.24271,0.921688,1.48574,0.0521663
1.24271,0.921688,1.48574,0.0521663
1.26763,0.919119,1.4309,0.0451494
1.26763,0.919119,1.4309,0.0451494
1.27503,0.932883,1.72722,0.0598126
1.2788,0.954647,1.78034,0.0551332
1.26434,0.952555,2.12244,0.065552
1.26376,0.970278,2.07249,0.0725132
1.27818,0.95669,1.83615,0.0739563
1.26936,0.970484,1.51933,0.0604627
1.27018,0.967525,2.16953,0.0735177
1.26981,0.946083,1.47254,0.0589909
1.28899,0.969082,2.28245,0.0710361
1.27547,0.957712,2.34042,0.0853282
1.27221,0.980266,1.63438,0.0555889
1.27221,0.980266,1.63438,0.0555889
1.2525,0.964007,1.84986,0.0780492
1.24316,0.974803,1.87667,0.0648937
1.23881,0.965196,1.69792,0.0625851
1.23881,0.965196,1.69792,0.0625851
1.23358,0.962106,1.80822,0.0673038
1.25412,0.980429,1.87563,0.0602658
1.24045,1.00138,1.98802,0.0808657
1.2392,1.01451,1.77204,0.0568197
1.21566,1.00534,1.69693,0.0795693
1.23318,1.0192,1.90089,0.0738471
1.23536,1.00771,1.9323,0.070517
1.24424,1.00183,1.4174,0.0554207
1.25894,1.01822,1.85775,0.0590029
1.24329,1.0309,2.25441,0.0871552
1.22716,1.04724,2.2223,0.0849642
1.22718,1.03658,1.75347,0.0793741
1.21685,1.01567,1.85101,0.0790859
1.22863,1.01551,1.67646,0.0691287
1.22863,1.01551,1.67646,0.0691287
1.21562,1.03264,1.71377,0.0656554
1.2067,1.0529,1.93753,0.0748491
1.23155,1.07371,2.52734,0.115645
1.24399,1.09611,2.25717,0.0909359
1.24604,1.07301,2.57361,0.0895993
1.22305,1.06362,1.78086,0.0664426
1.24525,1.04701,2.61921,0.122494
1.25548,1.02915,2.16545,0.0859545
1.27791,1.02932,2.17688,0.0978993
1.28142,1.03288,2.43364,0.09764
1.26161,1.03343,2.18819,0.0789271
1.27962,1.04209,2.35462,0.0702359
1.2686,1.06203,2.48836,0.0849774
1.24897,1.07095,2.34711,0.0826182
1.24897,1.07095,2.34711,0.0826182
1.23114,1.06264,2.22132,0.0858489
1.22698,1.07043,2.03343,0.0785976
1.22698,1.07043,2.03343,0.0785976
1.22697,1.05985,2.31422,0.0969069
1.22147,1.06234,1.7774,0.0670826
1.24053,1.06953,2.27057,0.103171
1.24167,1.0768,2.05942,0.0938521
1.22499,1.0909,2.20574,0.0776775
1.21471,1.09915,2.374,0.107543
1.23409,1.10409,2.70623,0.116374
1.25687,1.09896,2.72919,0.0971224
1.26482,1.11254,2.6022,0.124989
1.26743,1.10526,3.16497,0.117446
1.27227,1.09657,3.33951,0.12728
1.26019,1.10736,1.78468,0.0624415
1.26019,1.10736,1.78468,0.0624415
1.26019,1.10736,1.78468,0.0624415
1.26019,1.10736,1.78468,0.0624415
1.25367,1.12763,2.63775,0.103229
1.25432,1.13225,2.79482,0.107593
1.25432,1.13225,2.79482,0.107593
1.24299,1.13322,2.22523,0.0826318
1.22915,1.1566,3.00621,0.103359
1.25205,1.15531,3.23185,0.115549
1.26256,1.14164,3.44811,0.146299
1.24034,1.1303,2.97694,0.127796
1.24278,1.12308,2.56687,0.0917061
1.23919,1.12438,3.3952,0.126014
1.25263,1.10197,2.43437,0.0920126
1.23456,1.10795,2.41084,0.105217
1.22145,1.11405,2.43297,0.083435
1.1993,1.13031,2.00754,0.0707463
1.1993,1.13031,2.00754,0.0707463
1.1993,1.13031,2.00754,0.0707463
1.17778,1.11814,2.17433,0.140208
1.16911,1.1041,2.33512,0.106203
1.16911,1.1041,2.33512,0.106203
1.1511,1.09183,1.97367,0.0909459
1.14046,1.09418,1.79745,0.0732199
1.12237,1.08749,1.42849,0.0661396
1.12587,1.06963,1.52292,0.0678066
1.1281,1.06666,1.10298,0.0598839
1.13623,1.06374,1.04066,0.054641
1.13623,1.06374,1.04066,0.054641
1.11254,1.04052,1.16973,0.072505
1.11254,1.04052,1.16973,0.072505
1.1244,1.02522,0.99036,0.047648
1.12181,1.01915,1.18367,0.058013
1.12181,1.01915,1.18367,0.058013
1.12324,0.996354,1.15843,0.056561
1.12324,0.996354,1.15843,0.056561
1.11316,0.983838,0.730568,0.0462986
1.11316,0.983838,0.730568,0.0462986
1.11161,0.966482,0.768317,0.0441457
1.10549,0.966813,0.843088,0.0397738
1.11764,0.946878,0.710658,0.0402382
1.115,0.962114,0.981716,0.0501744
1.12671,0.96913,1.12016,0.0474104
1.11904,0.985901,1.38537,0.0685233
1.13987,0.993808,1.08192,0.0690314
1.13327,0.986144,1.09789,0.0450585
1.13327,0.986144,1.09789,0.0450585
1.11649,1.00191,1.04868,0.0675775
1.09614,1.02541,1.30224,0.0675064
1.08611,1.03735,1.24954,0.0743561
1.09653,1.05655,1.0775,0.062805
1.07688,1.04428,1.22515,0.0711395
1.06772,1.0441,1.16326,0.0599449
1.05145,1.04529,0.912729,0.0510498
1.02803,1.02534,0.934131,0.0663022
1.02042,1.03242,0.608606,0.0344153
0.998452,1.04933,0.799848,0.0414715
0.998452,1.04933,0.799848,0.0414715
0.976277,1.04138,0.883721,0.0690692
0.975709,1.03594,0.849837,0.0596271
0.955904,1.0446,0.781284,0.0475308
0.935385,1.04189,0.339045,0.0356763
0.935385,1.04189,0.339045,0.0356763
0.935385,1.04189,0.339045,0.0356763
0.935884,1.06153,0.512924,0.0352386
0.919234,1.06733,0.508707,0.0453525
0.923458,1.06657,0.572897,0.0419306
0.923458,1.06657,0.572897,0.0419306
0.923458,1.06657,0.572897,0.0419306
0.916194,1.05541,0.49429,0.033634
0.931914,1.03841,0.666883,0.0509997
0.944752,1.01644,0.412901,0.0400478
0.931501,1.00175,0.443496,0.0491165
0.924872,0.985742,0.359612,0.0321266
0.903511,0.974315,0.128726,0.0249507
0.903511,0.974315,0.128726,0.0249507
0.886617,0.969682,0.309508,0.0329244
0.880893,0.963697,0.189804,0.0264404
0.895792,0.960617,0.246225,0.0324642
0.900572,0.938545,0.269782,0.0289258
0.925008,0.934826,0.255004,0.042597
0.926685,0.918125,0.196153,0.043618
0.917461,0.94091,0.0755972,0.0246637
0.893731,0.930238,-0.0271508,0.0218215
0.872092,0.906824,-0.00264294,0.0153735
0.876241,0.930299,0.0564688,0.0229853
0.856614,0.919686,0.0135533,0.0239281
0.832437,0.914403,-0.121835,0.0185726
0.822702,0.936887,-0.0134803,0.0181598
0.803913,0.940506,0.0218206,0.0255154
0.812348,0.931358,-0.0757601,0.0198111
0.812348,0.931358,-0.0757601,0.0198111
0.793852,0.934588,-0.0667449,0.0207598
0.776229,0.935922,-0.105694,0.0283032
0.761667,0.933831,-0.119365,0.014659
0.750269,0.957825,-0.160068,0.0128813
0.76352,0.939165,-0.108802,0.0146375
0.762752,0.922161,-0.178651,0.0124045
0.762752,0.922161,-0.178651,0.0124045
0.762752,0.922161,-0.178651,0.0124045
0.740125,0.915239,-0.19292,0.0155714
0.745524,0.936385,-0.0926703,0.0151321
0.729023,0.916944,-0.11621,0.028083
0.727035,0.932405,-0.142525,0.0147301
0.704396,0.931907,-0.118302,0.0164447
0.716471,0.921228,-0.213831,0.0113181
0.725037,0.897215,-0.244026,0.00771855
0.744958,0.908021,-0.177579,0.0151535
0.722084,0.897002,-0.27618,0.00929078
0.729095,0.895112,-0.299177,0.00702617
0.729095,0.895112,-0.299177,0.00702617
0.731852,0.895906,-0.270762,0.00898054
0.719087,0.913098,-0.149282,0.0136499
0.715634,0.910687,-0.204551,0.0143235
0.702783,0.918281,-0.141854,0.0169987
0.720771,0.936833,-0.212401,0.0102533
0.721952,0.94322,-0.140487,0.01582
0.743205,0.934208,-0.115173,0.0176036
0.763566,0.917211,-0.227597,0.0111909
0.763566,0.917211,-0.227597,0.0111909
0.763566,0.917211,-0.227597,0.0111909
0.754155,0.898211,-0.232288,0.0149192
0.763806,0.884361,-0.155504,0.0142794
0.755175,0.908887,-0.165777,0.0137369
0.780042,0.901771,-0.150492,0.0126668
0.769038,0.877783,-0.146097,0.0121142
0.746512,0.865259,-0.269475,0.0102399
0.736025,0.888575,-0.267074,0.0143317
0.755663,0.884473,-0.179799,0.0156765
0.766165,0.873423,-0.200195,0.0125187
0.782349,0.870916,-0.192035,0.0149414
0.802549,0.854293,-0.215977,0.0118119
0.787623,0.863056,-0.206573,0.0129231
0.767545,0.873893,-0.213156,0.0108107
0.766897,0.872725,-0.2499,0.0107399
0.767461,0.868688,-0.17481,0.016598
0.763881,0.849826,-0.27102,0.00834175
0.786118,0.826523,-0.302479,0.00965303
0.786118,0.826523,-0.302479,0.00965303
0.787832,0.816428,-0.286249,0.01103
0.804607,0.811103,-0.294385,0.00896832
0.791797,0.790337,-0.276463,0.0119361
0.772282,0.795996,-0.357195,0.00517325
0.764951,0.773642,-0.344326,0.00566133
0.785186,0.776542,-0.339763,0.00599107
0.805368,0.76658,-0.349056,0.00623563
0.791885,0.769204,-0.320796,0.00795852
0.774466,0.78181,-0.332303,0.00749584
0.755299,0.797081,-0.305764,0.00610932
0.778503,0.803823,-0.286165,0.00707497
0.769803,0.779607,-0.312025,0.00721444
0.753996,0.775883,-0.327797,0.00811038
0.776176,0.768341,-0.350911,0.00572316
0.776176,0.768341,-0.350911,0.00572316
0.789202,0.778153,-0.324333,0.00530958
0.774011,0.785984,-0.331766,0.00931653
0.78279,0.792018,-0.304202,0.00791543
0.764586,0.775875,-0.351317,0.00553863
0.768385,0.773164,-0.331094,0.0062741
0.790298,0.776988,-0.321598,0.00768419
0.779208,0.795033,-0.320239,0.00787479
0.765252,0.810159,-0.273902,0.0084453
0.785529,0.803581,-0.316252,0.0073035
0.795928,0.789783,-0.253234,0.0130027
0.772485,0.794345,-0.339015,0.00748864
0.757003,0.770973,-0.333158,0.0065174
0.750723,0.783411,-0.303739,0.00810965
0.744736,0.793254,-0.318256,0.0066104
0.722451,0.8083,-0.322906,0.00675628
0.7351,0.810612,-0.294121,0.00854673
0.726357,0.798222,-0.33643,0.00543351
0.728573,0.776499,-0.33906,0.0064288
0.705849,0.793665,-0.334709,0.00574995
0.70267,0.788299,-0.315765,0.00675244
0.693545,0.807436,-0.334882,0.00463738
0.681187,0.809121,-0.291584,0.00787593
0.676249,0.806904,-0.315037,0.00507682
0.69125,0.831735,-0.328294,0.00519222
0.68044,0.822751,-0.299784,0.00875348
0.701847,0.816341,-0.315965,0.00624198
0.694879,0.823246,-0.30505,0.00606081
0.678506,0.846612,-0.243541,0.0083694
0.660033,0.865943,-0.333206,0.00509665
0.661906,0.868288,-0.262457,0.00819865
0.667481,0.874538,-0.289714,0.00630804
0.671697,0.889168,-0.287659,0.00645946
0.651597,0.904174,-0.260185,0.006145
0.626919,0.890425,-0.266784,0.00830696
0.644603,0.880488,-0.293406,0.00638089
0.667634,0.892383,-0.173917,0.0136368
0.663633,0.881536,-0.277354,0.00717163
0.671826,0.865885,-0.266254,0.00890772
0.685569,0.853221,-0.234392,0.015876
0.674551,0.870652,-0.213972,0.013043
0.691225,0.850038,-0.253624,0.011348
0.685172,0.831242,-0.309903,0.00569237
0.691411,0.825819,-0.337588,0.00683329
0.703326,0.813284,-0.33293,0.00704777
0.693988,0.794991,-0.33935,0.00541406
0.716652,0.792412,-0.330234,0.00506325
0.724463,0.814341,-0.355721,0.00494078
0.724463,0.814341,-0.355721,0.00494078
0.726939,0.795309,-0.325271,0.00638646
0.73468,0.773348,-0.326787,0.00574297
0.756735,0.789387,-0.287323,0.00922169
0.734472,0.785719,-0.321307,0.00596899
0.740964,0.785678,-0.330318,0.00710684
0.757431,0.764621,-0.378475,0.00382338
0.781768,0.751309,-0.35715,0.0060922
0.781324,0.744265,-0.394054,0.00438941
0.759518,0.73908,-0.356591,0.00571886
0.734606,0.722982,-0.406757,0.00335296
0.755217,0.727662,-0.401624,0.00281055
0.762218,0.722282,-0.386812,0.00357542
0.768361,0.716859,-0.394901,0.00370076
0.763151,0.716154,-0.394598,0.0032609
0.745986,0.698512,-0.380369,0.00403619
0.758624,0.687093,-0.422453,0.00288147
0.775006,0.680173,-0.427228,0.00332862
0.768719,0.663801,-0.421046,0.00223497
0.7666,0.643894,-0.421113,0.00463536
0.779315,0.628279,-0.448333,0.00133823
0.787535,0.62768,-0.443576,0.00126279
0.805384,0.626834,-0.445016,0.00161305
0.805384,0.626834,-0.445016,0.00161305
0.811577,0.638368,-0.443221,0.00248299
0.789198,0.620472,-0.445323,0.00149223
0.796154,0.604066,-0.443512,0.00138858
0.788807,0.603526,-0.443668,0.00160887
0.779371,0.611892,-0.442793,0.00138468
0.780379,0.627698,-0.442526,0.0018585
0.80268,0.630375,-0.448901,0.00154337
0.801946,0.654916,-0.422414,0.00407154
0.782785,0.638104,-0.432491,0.00224631
0.793865,0.652857,-0.438728,0.00171816
0.777059,0.668985,-0.424887,0.00313409
0.792233,0.668691,-0.434104,0.00229174
0.798865,0.650653,-0.431726,0.00375589
0.777207,0.647004,-0.436956,0.00241744
0.753636,0.636254,-0.434092,0.00174033
0.766157,0.613078,-0.43752,0.00162155
0.776898,0.605555,-0.430127,0.00204981
0.779209,0.587543,-0.438803,0.00159967
0.78372,0.60098,-0.440195,0.00136077
0.763246,0.595192,-0.435956,0.00163957
0.781419,0.598258,-0.437981,0.00160802
0.779059,0.606182,-0.443716,0.00150387
0.797229,0.583229,-0.438117,0.00166457
0.797338,0.560542,-0.412295,0.00212952
0.789698,0.574108,-0.434416,0.00167183
0.789698,0.574108,-0.434416,0.00167183
0.789046,0.578197,-0.438443,0.00170689
0.789046,0.578197,-0.438443,0.00170689
0.789046,0.578197,-0.438443,0.00170689
0.803375,0.603154,-0.450054,0.00129696
0.784816,0.617318,-0.446602,0.00152465
0.761763,0.607597,-0.44394,0.00156671
0.761763,0.607597,-0.44394,0.00156671
0.746417,0.596806,-0.433222,0.0017896
0.739349,0.597786,-0.419918,0.00196902
0.751568,0.605637,-0.427152,0.00150153
0.766536,0.603081,-0.439887,0.00154749
0.764489,0.617457,-0.436536,0.00137362
0.777633,0.604888,-0.441239,0.00127135
0.783276,0.625391,-0.444117,0.0015383
0.807928,0.61686,-0.43987,0.00204528
0.805876,0.621138,-0.45661,0.0011537
0.785016,0.608682,-0.447735,0.00125706
0.804312,0.615939,-0.448574,0.00138405
0.786071,0.6002,-0.439772,0.00214302
0.769274,0.575756,-0.423717,0.00201727
0.790162,0.570991,-0.429395,0.00191834
0.776231,0.5698,-0.419481,0.00196743
0.785108,0.561019,-0.425984,0.00217229
0.807924,0.556736,-0.429848,0.00233345
0.795761,0.575318,-0.437936,0.00189624
0.813659,0.591538,-0.4334,0.00124789
0.809677,0.605478,-0.440387,0.00157684
0.813618,0.596369,-0.438048,0.00170385
0.833248,0.585151,-0.429486,0.00205255
0.841606,0.599687,-0.44284,0.00162106
0.852865,0.590601,-0.437149,0.00182231
0.84744,0.609433,-0.437321,0.00198141
0.830173,0.593101,-0.423685,0.00250556
0.826004,0.603228,-0.442649,0.00145797
0.826004,0.603228,-0.442649,0.00145797
0.826002,0.578667,-0.44045,0.00170567
0.840315,0.594917,-0.441073,0.00202974
0.861685,0.612475,-0.436426,0.00231183
0.853653,0.622892,-0.449574,0.00177042
0.84207,0.631307,-0.443003,0.00220253
0.818608,0.615813,-0.457715,0.00112413
0.809672,0.629029,-0.439305,0.0025527
0.804839,0.633117,-0.445706,0.00181403
0.804839,0.633117,-0.445706,0.00181403
0.819915,0.639187,-0.44748,0.00201979
0.798235,0.65095,-0.438388,0.00197738
0.81128,0.633451,-0.446028,0.0019418
0.833229,0.646424,-0.438416,0.002272
0.825621,0.649299,-0.43426,0.00307864
0.804827,0.627498,-0.445468,0.00174664
0.796073,0.626745,-0.443908,0.0020335
0.815497,0.604428,-0.439786,0.00149801
0.797139,0.6038,-0.4396,0.0016331
0.800007,0.580652,-0.435581,0.00156828
0.795711,0.602542,-0.440377,0.00160428
0.819581,0.60849,-0.448233,0.00155635
0.803107,0.591497,-0.439757,0.00161208
0.791214,0.601311,-0.449061,0.00127067
0.792448,0.606474,-0.44688,0.00139223
0.786321,0.609751,-0.447433,0.00126484
0.786321,0.609751,-0.447433,0.00126484
0.808629,0.595621,-0.442682,0.0016482
0.81525,0.591378,-0.447916,0.00142601
0.81525,0.591378,-0.447916,0.00142601
0.811855,0.612625,-0.443921,0.00148437
0.808057,0.621027,-0.441831,0.00216261
0.800545,0.641118,-0.44384,0.00142523
0.800259,0.632371,-0.44566,0.00172259
0.800345,0.607927,-0.441149,0.00139289
0.790187,0.59002,-0.441293,0.00172389
0.789259,0.597045,-0.447254,0.00133257
0.796394,0.620995,-0.446837,0.00146608
0.774784,0.617795,-0.444097,0.00148421
0.774784,0.617795,-0.444097,0.00148421
0.774784,0.617795,-0.444097,0.00148421
0.761431,0.623151,-0.435927,0.0016312
0.746568,0.613978,-0.430166,0.00151536
0.761659,0.604671,-0.433873,0.00148178
0.78169,0.623195,-0.432038,0.00246704
0.80197,0.632897,-0.433422,0.00210699
0.782081,0.623026,-0.437199,0.00194997
0.772954,0.63312,-0.44678,0.00161725
0.786022,0.636177,-0.4383,0.00173526
0.808668,0.64674,-0.452889,0.00183993
0.808668,0.64674,-0.452889,0.00183993
0.808668,0.64674,-0.452889,0.00183993
0.803916,0.656351,-0.43609,0.00224718
0.790504,0.639566,-0.443639,0.00235615
0.790504,0.639566,-0.443639,0.00235615
0.790504,0.639566,-0.443639,0.00235615
0.78879,0.663113,-0.431267,0.00280803
0.808835,0.652959,-0.432759,0.00210458
0.785967,0.649249,-0.431564,0.00249552
0.78217,0.633999,-0.441751,0.00162342
0.802973,0.651355,-0.436791,0.00247601
0.788176,0.664682,-0.430709,0.00191713
0.803724,0.653454,-0.436209,0.00182361
0.803724,0.653454,-0.436209,0.00182361
0.803724,0.653454,-0.436209,0.00182361
0.782437,0.631177,-0.441569,0.00169998
0.766337,0.612042,-0.431821,0.00179705
0.781248,0.608587,-0.446029,0.00127612
0.803023,0.630248,-0.440002,0.00217765
0.816802,0.63051,-0.442434,0.00191284
0.837653,0.627216,-0.436828,0.00263424
0.854514,0.638776,-0.438444,0.00265358
0.854514,0.638776,-0.438444,0.00265358
0.875241,0.662207,-0.415921,0.00399428
0.852514,0.659804,-0.422954,0.0030523
0.852514,0.659804,-0.422954,0.0030523
0.83893,0.647721,-0.435215,0.00224381
0.82391,0.633563,-0.447636,0.00179053
0.82391,0.633563,-0.447636,0.00179053
0.829973,0.637639,-0.447127,0.00206487
0.829973,0.637639,-0.447127,0.00206487
0.831414,0.623281,-0.445807,0.00232984
0.830269,0.613206,-0.441188,0.00211597
0.846992,0.634155,-0.439539,0.00238811
0.844585,0.616032,-0.446916,0.00188485
0.821367,0.610749,-0.453147,0.00137993
0.809005,0.608897,-0.447479,0.00160026
0.807716,0.631392,-0.448655,0.0012716
0.829201,0.648558,-0.431026,0.00308606
0.818364,0.639071,-0.431679,0.0027086
0.801034,0.657803,-0.425897,0.00425496
0.817396,0.678813,-0.436491,0.00261431
0.829676,0.69817,-0.424425,0.00429151
0.829676,0.69817,-0.424425,0.00429151
0.829676,0.69817,-0.424425,0.00429151
0.826281,0.710474,-0.380038,0.00571654
0.826281,0.710474,-0.380038,0.00571654
0.836109,0.7157,-0.382798,0.00474931
0.81155,0.713726,-0.389041,0.00524635
0.81155,0.713726,-0.389041,0.00524635
0.81155,0.713726,-0.389041,0.00524635
0.823438,0.696714,-0.391897,0.00505154
0.823438,0.696714,-0.391897,0.00505154
0.837052,0.699247,-0.389746,0.00442675
0.815936,0.686613,-0.421196,0.00268285
0.820118,0.676815,-0.421877,0.00419422
0.820118,0.676815,-0.421877,0.00419422
0.808516,0.673093,-0.429016,0.00256717
0.795815,0.654757,-0.445107,0.00231431
0.811421,0.636887,-0.44381,0.00230169
0.829986,0.657461,-0.422727,0.0034347
0.85248,0.655732,-0.417332,0.00390912
0.828593,0.659788,-0.44038,0.00245364
0.821473,0.654647,-0.448,0.00187594
0.821473,0.654647,-0.448,0.00187594
0.803376,0.657606,-0.441552,0.00233188
0.803376,0.657606,-0.441552,0.00233188
0.803376,0.657606,-0.441552,0.00233188
0.809345,0.66253,-0.438149,0.00231072
0.809345,0.66253,-0.438149,0.00231072
0.794548,0.656419,-0.439872,0.00263329
0.794548,0.656419,-0.439872,0.00263329
0.786373,0.635149,-0.455903,0.0012406
0.786373,0.635149,-0.455903,0.0012406
0.786373,0.635149,-0.455903,0.0012406
0.786373,0.635149,-0.455903,0.0012406
0.786373,0.635149,-0.455903,0.0012406
0.786373,0.635149,-0.455903,0.0012406
0.786373,0.635149,-0.455903,0.0012406
0.781637,0.610497,-0.441334,0.00147216
0.793358,0.611912,-0.44329,0.001807
0.789602,0.610701,-0.443339,0.00199643
0.797722,0.618694,-0.445335,0.00170351
0.79779,0.615876,-0.451628,0.00123323
0.79779,0.615876,-0.451628,0.00123323
0.787,0.60374,-0.449761,0.00161462
0.787,0.60374,-0.449761,0.00161462
0.787,0.60374,-0.449761,0.00161462
0.77952,0.621598,-0.444101,0.00241508
0.754741,0.599271,-0.438942,0.00154151
0.754698,0.614004,-0.435071,0.00150299
0.752788,0.589283,-0.436225,0.00155262
0.752788,0.589283,-0.436225,0.00155262
0.752788,0.589283,-0.436225,0.00155262
0.767962,0.586395,-0.43719,0.00184229
0.767962,0.586395,-0.43719,0.00184229
0.758737,0.609113,-0.4349,0.00156049
0.759295,0.606399,-0.430742,0.00142201
0.763417,0.594997,-0.437513,0.00177477
0.761895,0.599946,-0.439149,0.00170908
0.761895,0.599946,-0.439149,0.00170908
0.761895,0.599946,-0.439149,0.00170908
0.750133,0.606051,-0.437396,0.00173484
0.750133,0.606051,-0.437396,0.00173484
0.736242,0.606537,-0.431934,0.00155403
0.760209,0.593899,-0.441044,0.00217332
0.760209,0.593899,-0.441044,0.00217332
0.760209,0.593899,-0.441044,0.00217332
0.760209,0.593899,-0.441044,0.00217332
0.760209,0.593899,-0.441044,0.00217332
0.760209,0.593899,-0.441044,0.00217332
0.760209,0.593899,-0.441044,0.00217332
0.760209,0.593899,-0.441044,0.00217332
0.760209,0.593899,-0.441044,0.00217332
0.765027,0.591033,-0.425366,0.00182225
0.740193,0.583848,-0.42607,0.00206051
0.752192,0.587487,-0.423847,0.00180165
0.752192,0.587487,-0.423847,0.00180165
0.727713,0.574773,-0.403545,0.00200836
0.707629,0.582552,-0.406064,0.00219435
0.715236,0.60408,-0.407223,0.00202485
0.731735,0.628983,-0.413694,0.00217705
0.753858,0.621371,-0.430162,0.00197631
0.763628,0.645718,-0.43788,0.00167464
0.763628,0.645718,-0.43788,0.00167464
0.783138,0.636171,-0.437233,0.00220542
0.766798,0.611282,-0.443743,0.00145918
0.766798,0.611282,-0.443743,0.00145918
0.766798,0.611282,-0.443743,0.00145918
0.771628,0.63,-0.440484,0.00128664
0.76473,0.613438,-0.447633,0.00134267
0.780893,0.611346,-0.448073,0.00163206
0.800501,0.611404,-0.450453,0.00124327
0.800501,0.611404,-0.450453,0.00124327
0.812819,0.623004,-0.447342,0.00177355
0.829834,0.639233,-0.442899,0.00247834
0.829834,0.639233,-0.442899,0.00247834
0.829834,0.639233,-0.442899,0.00247834
0.829834,0.639233,-0.442899,0.00247834
0.831663,0.622781,-0.447652,0.00150611
0.813342,0.611101,-0.441848,0.00182531
0.797764,0.626634,-0.450154,0.00131215
0.797764,0.626634,-0.450154,0.00131215
0.797764,0.626634,-0.450154,0.00131215
0.796,0.633802,-0.450295,0.00154168
0.796,0.633802,-0.450295,0.00154168
0.806602,0.624939,-0.451886,0.00130031
0.830709,0.612482,-0.445096,0.0016782
0.80612,0.635756,-0.437471,0.00187229
0.826927,0.621267,-0.447136,0.00183642
0.826927,0.621267,-0.447136,0.00183642
0.848791,0.637958,-0.448732,0.00186099
0.852887,0.630997,-0.452228,0.00225959
0.836978,0.637382,-0.442944,0.00266029
0.836978,0.637382,-0.442944,0.00266029
0.837559,0.614269,-0.455596,0.00154261
0.837559,0.614269,-0.455596,0.00154261
0.837559,0.614269,-0.455596,0.00154261
0.837559,0.614269,-0.455596,0.00154261
0.837559,0.614269,-0.455596,0.00154261
0.833883,0.634695,-0.460008,0.00151652
0.833883,0.634695,-0.460008,0.00151652
0.816128,0.615157,-0.448159,0.00154049
0.821002,0.626748,-0.457231,0.00127258
0.821002,0.626748,-0.457231,0.00127258
0.821002,0.626748,-0.457231,0.00127258
0.821002,0.626748,-0.457231,0.00127258
0.821002,0.626748,-0.457231,0.00127258
0.821002,0.626748,-0.457231,0.00127258
0.8232,0.624525,-0.448641,0.00197669
0.8232,0.624525,-0.448641,0.00197669
0.826682,0.604057,-0.441213,0.00194043
0.851594,0.603516,-0.439953,0.0018973
0.841339,0.598731,-0.438902,0.0019107
0.842287,0.574964,-0.428112,0.0019413
0.847528,0.587933,-0.430061,0.00227829
0.85843,0.594726,-0.433099,0.0021229
0.860024,0.611464,-0.437593,0.00290029
0.860024,0.611464,-0.437593,0.00290029
0.864437,0.618198,-0.437162,0.00213389
0.864437,0.618198,-0.437162,0.00213389
0.865325,0.625083,-0.442859,0.00232013
0.865325,0.625083,-0.442859,0.00232013
0.865325,0.625083,-0.442859,0.00232013
0.865325,0.625083,-0.442859,0.00232013
0.865325,0.625083,-0.442859,0.00232013
0.865325,0.625083,-0.442859,0.00232013
0.865325,0.625083,-0.442859,0.00232013
0.868584,0.608051,-0.441912,0.00206871
0.866808,0.596286,-0.43585,0.00218424
0.866275,0.607092,-0.432932,0.00224868
0.875044,0.588134,-0.437119,0.00180102
0.875044,0.588134,-0.437119,0.00180102
0.875044,0.588134,-0.437119,0.00180102
0.874603,0.591302,-0.437562,0.00198242
0.874603,0.591302,-0.437562,0.00198242
0.874603,0.591302,-0.437562,0.00198242
0.874603,0.591302,-0.437562,0.00198242
0.874603,0.591302,-0.437562,0.00198242
0.874603,0.591302,-0.437562,0.00198242
0.869298,0.611965,-0.440898,0.00302182
0.869298,0.611965,-0.440898,0.00302182
0.847849,0.606833,-0.438294,0.00203847
0.83107,0.59082,-0.443755,0.00158848
0.841627,0.611581,-0.441048,0.00194308
0.841627,0.611581,-0.441048,0.00194308
0.822011,0.611968,-0.448459,0.0019074
0.817229,0.617694,-0.448383,0.00169396
0.804321,0.629121,-0.456526,0.00140235
0.804321,0.629121,-0.456526,0.00140235
0.828223,0.612082,-0.448092,0.00143964
0.841613,0.632843,-0.447109,0.00243768
0.841613,0.632843,-0.447109,0.00243768
0.841613,0.632843,-0.447109,0.00243768
0.849598,0.650004,-0.439009,0.00257033
0.849598,0.650004,-0.439009,0.00257033
0.870483,0.632472,-0.434769,0.00243818
0.876242,0.643192,-0.43385,0.00298328
0.876242,0.643192,-0.43385,0.00298328
0.878969,0.623472,-0.43498,0.00293287
0.878969,0.623472,-0.43498,0.00293287
0.864,0.636604,-0.451608,0.00223183
0.864,0.636604,-0.451608,0.00223183
0.864,0.636604,-0.451608,0.00223183
0.864,0.636604,-0.451608,0.00223183
0.864,0.636604,-0.451608,0.00223183
0.864,0.636604,-0.451608,0.00223183
0.864,0.636604,-0.451608,0.00223183
0.864,0.636604,-0.451608,0.00223183
0.845228,0.627544,-0.450957,0.00173587
0.845228,0.627544,-0.450957,0.00173587
0.845228,0.627544,-0.450957,0.00173587
0.845228,0.627544,-0.450957,0.00173587
0.845228,0.627544,-0.450957,0.00173587
0.845228,0.627544,-0.450957,0.00173587
0.845228,0.627544,-0.450957,0.00173587
0.825723,0.610476,-0.450894,0.00156926
0.804286,0.623775,-0.457972,0.00106505
0.804286,0.623775,-0.457972,0.00106505
0.804286,0.623775,-0.457972,0.00106505
0.804286,0.623775,-0.457972,0.00106505
0.806196,0.610168,-0.459107,0.00140641
0.806196,0.610168,-0.459107,0.00140641
0.806196,0.610168,-0.459107,0.00140641
0.806196,0.610168,-0.459107,0.00140641
0.806196,0.610168,-0.459107,0.00140641
0.806196,0.610168,-0.459107,0.00140641
0.806196,0.610168,-0.459107,0.00140641
0.81037,0.60185,-0.451453,0.00123954
0.81037,0.60185,-0.451453,0.00123954
0.793115,0.602729,-0.456419,0.00124036
0.793115,0.602729,-0.456419,0.00124036
0.793115,0.602729,-0.456419,0.00124036
0.793115,0.602729,-0.456419,0.00124036
0.793115,0.602729,-0.456419,0.00124036
0.793115,0.602729,-0.456419,0.00124036
0.796068,0.603161,-0.456453,0.00153152
0.796068,0.603161,-0.456453,0.00153152
0.796068,0.603161,-0.456453,0.00153152
0.796068,0.603161,-0.456453,0.00153152
0.796068,0.603161,-0.456453,0.00153152
0.796068,0.603161,-0.456453,0.00153152
0.796068,0.603161,-0.456453,0.00153152
0.796068,0.603161,-0.456453,0.00153152
0.796068,0.603161,-0.456453,0.00153152
0.796068,0.603161,-0.456453,0.00153152
0.796068,0.603161,-0.456453,0.00153152
0.796068,0.603161,-0.456453,0.00153152
0.796068,0.603161,-0.456453,0.00153152
0.796068,0.603161,-0.456453,0.00153152
0.796068,0.603161,-0.456453,0.00153152
0.796068,0.603161,-0.456453,0.00153152
0.796068,0.603161,-0.456453,0.00153152
0.796068,0.603161,-0.456453,0.00153152
0.796068,0.603161,-0.456453,0.00153152
0.796068,0.603161,-0.456453,0.00153152
0.796068,0.603161,-0.456453,0.00153152
0.796068,0.603161,-0.456453,0.00153152
0.796068,0.603161,-0.456453,0.00153152
0.796068,0.603161,-0.456453,0.00153152
0.796068,0.603161,-0.456453,0.00153152
0.796068,0.603161,-0.456453,0.00153152
0.796068,0.603161,-0.456453,0.00153152
0.796068,0.603161,-0.456453,0.00153152
0.796068,0.603161,-0.456453,0.00153152
0.796068,0.603161,-0.456453,0.00153152
0.796068,0.603161,-0.456453,0.00153152
0.796068,0.603161,-0.456453,0.00153152
0.796068,0.603161,-0.456453,0.00153152
0.796068,0.603161,-0.456453,0.00153152
0.796068,0.603161,-0.456453,0.00153152
0.796068,0.603161,-0.456453,0.00153152
0.796068,0.603161,-0.456453,0.00153152
0.796068,0.603161,-0.456453,0.00153152
0.796068,0.603161,-0.456453,0.00153152
0.796068,0.603161,-0.456453,0.00153152
0.796068,0.603161,-0.456453,0.00153152
0.796068,0.603161,-0.456453,0.00153152
0.796068,0.603161,-0.456453,0.00153152
0.796068,0.603161,-0.456453,0.00153152
0.796068,0.603161,-0.456453,0.00153152
0.796068,0.603161,-0.456453,0.00153152
0.796068,0.603161,-0.456453,0.00153152
0.796068,0.603161,-0.456453,0.00153152
0.796068,0.603161,-0.456453,0.00153152
0.796068,0.603161,-0.456453,0.00153152
0.796068,0.603161,-0.456453,0.00153152
0.796068,0.603161,-0.456453,0.00153152
0.796068,0.603161,-0.456453,0.00153152
0.796068,0.603161,-0.456453,0.00153152
0.796068,0.603161,-0.456453,0.00153152
0.796068,0.603161,-0.456453,0.00153152
0.796068,0.603161,-0.456453,0.00153152
0.796068,0.603161,-0.456453,0.00153152
0.796068,0.603161,-0.456453,0.00153152
0.796068,0.603161,-0.456453,0.00153152
0.796068,0.603161,-0.456453,0.00153152
0.796068,0.603161,-0.456453,0.00153152
0.796068,0.603161,-0.456453,0.00153152
0.796068,0.603161,-0.456453,0.00153152
0.796068,0.603161,-0.456453,0.00153152
0.796068,0.603161,-0.456453,0.00153152
0.796068,0.603161,-0.456453,0.00153152
0.796068,0.603161,-0.456453,0.00153152
0.796068,0.603161,-0.456453,0.00153152
0.796068,0.603161,-0.456453,0.00153152
0.796068,0.603161,-0.456453,0.00153152
0.796068,0.603161,-0.456453,0.00153152
0.796068,0.603161,-0.456453,0.00153152
0.796068,0.603161,-0.456453,0.00153152
0.796068,0.603161,-0.456453,0.00153152
0.796068,0.603161,-0.456453,0.00153152
0.796068,0.603161,-0.456453,0.00153152
0.796068,0.603161,-0.456453,0.00153152
0.796068,0.603161,-0.456453,0.00153152
0.796068,0.603161,-0.456453,0.00153152
0.796068,0.603161,-0.456453,0.00153152
0.796068,0.603161,-0.456453,0.00153152
0.796068,0.603161,-0.456453,0.00153152
0.796068,0.603161,-0.456453,0.00153152
0.796068,0.603161,-0.456453,0.00153152
0.796068,0.603161,-0.456453,0.00153152
0.796068,0.603161,-0.456453,0.00153152
0.796068,0.603161,-0.456453,0.00153152
0.796068,0.603161,-0.456453,0.00153152
0.796068,0.603161,-0.456453,0.00153152
0.796068,0.603161,-0.456453,0.00153152
0.796068,0.603161,-0.456453,0.00153152
0.796068,0.603161,-0.456453,0.00153152
0.796068,0.603161,-0.456453,0.00153152
0.796068,0.603161,-0.456453,0.00153152
0.796068,0.603161,-0.456453,0.00153152
0.796068,0.603161,-0.456453,0.00153152
0.796068,0.603161,-0.456453,0.00153152
0.796068,0.603161,-0.456453,0.00153152
0.796068,0.603161,-0.456453,0.00153152
0.796068,0.603161,-0.456453,0.00153152
0.796068,0.603161,-0.456453,0.00153152
0.796068,0.603161,-0.456453,0.00153152
0.796068,0.603161,-0.456453,0.00153152
0.796068,0.603161,-0.456453,0.00153152
0.796068,0.603161,-0.456453,0.00153152
0.796068,0.603161,-0.456453,0.00153152
0.796068,0.603161,-0.456453,0.00153152
0.796068,0.603161,-0.456453,0.00153152
0.796068,0.603161,-0.456453,0.00153152
0.796068,0.603161,-0.456453,0.00153152
0.796068,0.603161,-0.456453,0.00153152
0.796068,0.603161,-0.456453,0.00153152
0.796068,0.603161,-0.456453,0.00153152
0.796068,0.603161,-0.456453,0.00153152
0.796068,0.603161,-0.456453,0.00153152
0.796068,0.603161,-0.456453,0.00153152
0.796068,0.603161,-0.456453,0.00153152
0.796068,0.603161,-0.456453,0.00153152
0.796068,0.603161,-0.456453,0.00153152
0.796068,0.603161,-0.456453,0.00153152
0.796068,0.603161,-0.456453,0.00153152
0.796068,0.603161,-0.456453,0.00153152
0.796068,0.603161,-0.456453,0.00153152
