t,discreteMSD
0,1
1,2
2,3
3,6
4,9
5,14
6,19
7,18
8,19
9,22
10,27
11,22
12,29
13,22
14,19
15,26
16,35
17,34
18,29
19,20
20,25
21,18
22,25
23,26
24,33
25,32
26,25
27,26
28,21
29,26
30,25
31,32
32,41
33,42
34,35
35,30
36,33
37,30
38,33
39,44
40,41
41,30
42,33
43,44
44,41
45,54
46,53
47,40
48,41
49,30
50,27
51,18
52,27
53,38
54,27
55,38
56,37
57,36
58,37
59,26
60,29
61,30
62,29
63,20
64,21
65,20
66,29
67,34
68,41
69,52
70,53
71,42
72,33
73,36
74,41
75,48
76,41
77,34
78,29
79,38
80,29
81,34
82,43
83,34
84,41
85,34
86,29
87,26
88,21
89,18
90,27
91,26
92,37
93,36
94,37
95,40
96,41
97,38
98,27
99,18
0,11
1,6
2,5
3,2
4,3
5,6
6,5
7,6
8,3
9,6
10,5
11,6
12,9
13,14
14,9
15,8
16,13
17,14
18,19
19,18
20,19
21,26
22,35
23,26
24,25
25,20
26,25
27,34
28,35
29,26
30,29
31,38
32,33
33,30
34,29
35,30
36,29
37,34
38,41
39,42
40,45
41,36
42,29
43,38
44,43
45,50
46,45
47,42
48,53
49,62
50,51
51,50
52,51
53,50
54,61
55,72
56,73
57,62
58,61
59,62
60,61
61,74
62,89
63,90
64,101
65,90
66,93
67,90
68,101
69,104
70,117
71,132
72,137
73,122
74,107
75,94
76,81
77,70
78,77
79,86
80,77
81,88
82,101
83,94
84,81
85,94
86,109
87,122
88,109
89,126
90,115
91,110
92,107
93,118
94,101
95,114
96,113
97,114
98,129
99,146
0,145
1,128
2,129
3,146
4,165
5,168
6,149
7,132
8,149
9,134
10,117
11,132
12,117
13,122
14,109
15,116
16,133
17,142
18,133
19,116
20,125
21,110
22,125
23,116
24,133
25,126
26,115
27,122
28,141
29,162
30,173
31,152
32,161
33,152
34,161
35,174
36,155
37,142
38,161
39,142
40,125
41,116
42,105
43,90
44,77
45,86
46,77
47,70
48,81
49,88
50,97
51,110
52,121
53,136
54,149
55,136
56,153
57,172
58,153
59,136
60,125
61,136
62,153
63,142
64,131
65,142
66,155
67,142
68,161
69,172
70,153
71,166
72,181
73,198
74,217
75,230
76,213
77,194
78,179
79,166
80,155
81,142
82,155
83,170
84,187
85,198
86,217
87,206
88,187
89,170
90,189
91,210
92,233
93,218
94,195
95,174
96,155
97,170
98,161
99,144
0,137
1,132
2,129
3,114
4,117
5,134
6,149
7,154
8,137
9,122
10,129
11,138
12,123
13,114
14,129
15,144
16,129
17,114
18,129
19,116
20,125
21,114
22,105
23,90
24,105
25,114
26,131
27,114
28,99
29,110
30,97
31,88
32,81
33,70
34,61
35,56
36,69
37,78
38,65
39,70
40,59
41,70
42,83
43,90
44,83
45,98
46,83
47,78
48,89
49,78
50,89
51,76
52,65
53,54
54,59
55,66
56,57
57,68
58,61
59,70
60,81
61,94
62,107
63,114
64,101
65,110
66,101
67,88
68,101
69,110
70,97
71,110
72,125
73,116
74,105
75,114
76,125
77,114
78,125
79,138
80,129
81,116
82,133
83,116
84,125
85,142
86,133
87,122
88,115
89,110
90,93
91,90
92,107
93,126
94,129
95,126
96,117
97,116
98,125
99,106
0,97
1,106
2,89
3,90
4,101
5,100
6,113
7,100
8,113
9,114
10,99
11,114
12,129
13,146
14,145
15,146
16,145
17,164
18,145
19,128
20,145
21,130
22,131
23,146
24,163
25,146
26,129
27,132
28,117
29,134
30,149
31,154
32,149
33,146
34,131
35,150
36,165
37,150
38,165
39,186
40,171
41,186
42,165
43,164
44,145
45,164
46,145
47,128
48,145
49,130
50,131
51,114
52,99
53,114
54,99
55,86
56,89
57,94
58,101
59,90
60,105
61,122
62,131
63,114
64,99
65,90
66,81
67,96
68,105
69,114
70,99
71,90
72,99
73,110
74,125
75,142
76,131
77,114
78,99
79,90
80,77
81,86
82,97
83,86
84,77
85,68
86,77
87,70
88,83
89,70
90,65
91,78
92,65
93,62
94,51
95,62
96,65
97,62
98,75
99,86
0,101
1,114
2,101
3,104
4,93
5,84
6,81
7,80
8,65
9,58
10,59
11,54
12,53
13,54
14,51
15,50
16,37
17,26
18,29
19,40
20,29
21,30
22,21
23,20
24,29
25,30
26,41
27,46
28,59
29,46
30,59
31,58
32,65
33,66
34,65
35,66
36,69
37,84
38,77
39,62
40,57
41,54
42,69
43,68
44,69
45,66
46,69
47,86
48,83
49,86
50,69
51,72
52,57
53,62
54,69
55,56
56,61
57,54
58,61
59,56
60,49
61,56
62,65
63,54
64,65
65,78
66,65
67,56
68,53
69,66
70,81
71,74
72,73
73,74
74,77
75,62
76,49
77,56
78,61
79,70
80,77
81,66
82,57
83,48
84,41
85,34
86,29
87,24
88,29
89,22
90,29
91,26
92,19
93,14
94,21
95,30
96,35
97,30
98,35
99,30
0,33
1,30
2,27
3,30
4,29
5,30
6,21
7,18
8,17
9,26
10,37
11,50
12,37
13,38
14,37
15,50
16,51
17,50
18,51
19,54
20,51
21,50
22,49
23,50
24,37
25,40
26,37
27,50
28,49
29,36
30,37
31,40
32,37
33,38
34,37
35,36
36,37
37,38
38,37
39,40
40,41
41,44
42,41
43,44
44,41
45,40
46,29
47,20
48,25
49,34
50,35
51,30
52,41
53,30
54,29
55,26
56,29
57,34
58,41
59,52
60,65
61,74
62,89
63,74
64,65
65,52
66,45
67,46
68,53
69,42
70,41
71,52
72,61
73,74
74,65
75,80
76,65
77,52
78,41
79,42
80,45
81,38
82,35
83,42
84,41
85,32
86,33
87,26
88,35
89,38
90,49
91,46
92,53
93,66
94,81
95,80
96,81
97,80
98,81
99,74
0,69
1,86
2,105
3,108
4,105
5,86
6,89
7,94
8,91
9,90
10,91
11,74
12,73
13,74
14,59
15,54
16,51
17,54
18,59
19,46
20,35
21,34
22,29
23,40
24,29
25,26
26,27
27,30
28,33
29,30
30,41
31,30
32,33
33,30
34,35
35,46
36,53
37,42
38,45
39,42
40,45
41,42
42,35
43,42
44,45
45,54
46,65
47,56
48,69
49,62
50,77
51,82
52,77
53,72
54,77
55,74
56,81
57,90
58,101
59,104
60,101
61,86
62,101
63,100
64,85
65,72
66,85
67,74
68,85
69,72
70,85
71,100
72,89
73,90
74,101
75,104
76,101
77,86
78,101
79,118
80,137
81,158
82,157
83,146
84,137
85,138
86,161
87,138
88,117
89,110
90,113
91,134
92,113
93,110
94,91
95,90
96,109
97,110
98,109
99,90
0,73
1,74
2,69
3,74
4,69
5,66
6,69
7,72
8,89
9,108
10,89
11,72
12,77
13,74
14,81
15,90
16,107
17,106
18,97
19,116
20,117
21,98
22,91
23,94
24,91
25,74
26,69
27,68
28,73
29,74
30,73
31,80
32,97
33,98
34,117
35,138
36,161
37,154
38,149
39,152
40,157
41,154
42,131
43,126
44,123
45,102
46,83
47,82
48,83
49,86
50,69
51,74
52,91
53,74
54,59
55,66
56,81
57,90
58,93
59,84
60,89
61,82
62,99
63,106
64,99
65,94
66,101
67,120
68,141
69,138
70,117
71,120
72,113
73,118
74,125
75,106
76,101
77,84
78,77
79,62
80,59
81,62
82,57
83,44
84,49
85,44
86,57
87,54
88,57
89,54
90,51
91,50
92,49
93,50
94,37
95,50
96,49
97,50
98,37
99,36
0,49
1,50
2,51
3,54
4,51
5,38
6,37
7,26
8,37
9,38
10,27
11,26
12,37
13,26
14,27
15,26
16,25
17,26
18,27
19,26
20,17
21,20
22,13
23,14
24,11
25,14
26,17
27,12
28,9
29,14
30,17
31,22
32,17
33,22
34,17
35,14
36,19
37,26
38,35
39,30
40,35
41,30
42,29
43,40
44,37
45,38
46,37
47,50
48,53
49,54
50,59
51,66
52,59
53,46
54,53
55,42
56,35
57,42
58,45
59,50
60,59
61,54
62,65
63,62
64,53
65,66
66,65
67,52
68,53
69,62
70,65
71,76
72,73
73,62
74,61
75,52
76,65
77,66
78,69
79,84
80,81
81,98
82,101
83,94
84,113
85,108
86,113
87,108
88,113
89,118
90,125
91,132
92,153
93,162
94,185
95,210
96,201
97,194
98,189
99,164
0,173
1,184
2,209
3,198
4,209
5,184
6,189
7,214
8,221
9,234
10,227
11,214
12,241
13,248
14,237
15,230
16,203
17,198
18,195
19,170
20,169
21,170
22,173
23,150
24,155
25,162
26,173
27,186
28,173
29,162
30,141
31,150
32,141
33,162
34,155
35,178
36,185
37,194
38,205
39,196
40,205
41,182
42,193
43,172
44,185
45,200
46,181
47,166
48,179
49,166
50,179
51,166
52,185
53,200
54,181
55,198
56,217
57,206
58,227
59,238
60,251
61,274
62,289
63,272
64,257
65,274
66,293
67,270
68,249
69,270
70,249
71,270
72,249
73,230
74,213
75,200
76,217
77,230
78,249
79,264
80,285
81,270
82,285
83,308
84,293
85,274
86,251
87,270
88,293
89,270
90,291
91,314
92,339
93,362
94,377
95,354
96,371
97,350
98,369
99,390
0,365
1,390
2,371
3,350
4,369
5,390
6,417
7,446
8,425
9,406
10,389
11,370
12,355
13,326
14,309
15,294
16,309
17,326
18,355
19,326
20,313
21,342
22,325
23,338
24,353
25,338
26,353
27,338
28,309
29,294
30,323
31,294
32,267
33,254
34,281
35,310
36,281
37,270
38,285
39,314
40,345
41,336
42,369
43,386
44,369
45,336
46,353
47,362
48,373
49,392
50,405
51,420
52,437
53,420
54,401
55,386
56,419
57,438
58,459
59,474
60,509
61,488
62,473
63,510
64,531
65,570
66,611
67,598
68,557
69,598
70,577
71,620
72,665
73,646
74,601
75,584
76,597
77,612
78,629
79,614
80,633
81,648
82,605
83,586
84,569
85,528
86,489
87,474
88,491
89,510
90,531
91,510
92,531
93,510
94,491
95,478
96,467
97,486
98,449
99,470
0,507
1,470
2,435
3,414
4,435
5,458
6,483
7,474
8,449
9,474
10,501
11,494
12,489
13,486
14,453
15,452
16,453
17,452
18,421
19,450
20,481
21,514
22,481
23,482
24,513
25,546
26,513
27,546
28,581
29,550
30,515
31,482
32,515
33,486
34,521
35,520
36,549
37,550
38,553
39,550
40,581
41,618
42,621
43,626
44,595
45,634
46,641
47,602
48,611
49,650
50,641
51,672
52,681
53,642
54,681
55,692
56,661
57,622
58,635
59,622
60,653
61,686
62,649
63,662
64,697
65,684
66,697
67,734
68,773
69,738
70,753
71,720
72,761
73,730
74,747
75,718
76,701
77,660
78,621
79,606
80,579
81,554
82,517
83,482
84,507
85,474
86,489
87,522
88,557
89,532
90,569
91,546
92,563
93,546
94,563
95,586
96,611
97,594
98,621
99,606
0,569
1,542
2,557
3,584
4,613
5,584
6,601
7,620
8,649
9,620
10,585
11,614
12,581
13,550
14,571
15,542
16,565
17,596
18,621
19,648
20,677
21,708
22,741
23,714
24,747
25,782
26,749
27,718
28,745
29,774
30,745
31,782
32,755
33,718
34,749
35,776
36,741
37,774
38,741
39,770
40,737
41,706
42,675
43,706
44,675
45,706
46,677
47,646
48,617
49,646
50,675
51,706
52,739
53,770
54,805
55,842
56,811
57,850
58,821
59,782
60,755
61,782
62,755
63,726
64,755
65,726
66,699
67,738
68,713
69,740
70,701
71,664
72,689
73,664
74,641
75,678
76,701
77,674
78,699
79,674
80,701
81,678
82,717
83,740
84,769
85,746
86,725
87,706
88,747
89,730
90,689
91,720
92,689
93,730
94,689
95,720
96,689
97,720
98,681
99,644
0,681
1,698
2,737
3,706
4,725
5,706
6,737
7,720
8,705
9,666
10,635
11,598
12,613
13,598
14,613
15,578
16,563
17,594
18,561
19,530
20,561
21,548
22,561
23,594
24,581
25,614
26,627
27,594
28,609
29,594
30,627
31,642
32,609
33,644
34,613
35,584
36,621
37,606
38,645
39,632
40,593
41,606
42,645
43,674
44,635
45,598
46,569
47,542
48,507
49,474
50,501
51,530
52,563
53,550
54,563
55,594
56,561
57,530
58,501
59,474
60,507
61,474
62,501
63,488
64,477
65,446
66,457
67,470
68,485
69,514
70,545
71,530
72,499
73,470
74,501
75,516
76,489
77,458
78,475
79,494
80,475
81,458
82,429
83,456
84,485
85,456
86,485
87,514
88,499
89,530
90,563
91,578
92,563
93,550
94,521
95,556
96,585
97,598
98,613
99,584
0,601
1,584
2,549
3,522
4,507
5,474
6,449
7,474
8,501
9,516
10,501
11,474
12,461
13,494
14,529
15,518
16,545
17,536
18,501
19,530
20,501
21,510
22,477
23,446
24,437
25,408
26,417
27,390
28,363
29,354
30,381
31,356
32,349
33,374
34,349
35,356
36,349
37,326
38,355
39,334
40,355
41,334
42,305
43,326
44,305
45,278
46,253
47,234
48,217
49,234
50,229
51,212
52,217
53,194
54,201
55,186
56,165
57,186
58,165
59,186
60,195
61,182
62,161
63,152
64,141
65,150
66,161
67,152
68,133
69,116
70,109
71,104
72,121
73,126
74,115
75,98
76,83
77,74
78,81
79,90
80,83
81,74
82,81
83,74
84,81
85,96
86,105
87,116
88,125
89,142
90,133
91,116
92,109
93,126
94,115
95,106
96,89
97,96
98,105
99,122
0,105
1,90
2,105
3,90
4,99
5,86
6,99
7,90
8,83
9,98
10,93
11,78
12,93
13,110
14,101
15,120
16,117
17,126
18,107
19,110
20,115
21,106
22,115
23,126
24,133
25,126
26,109
27,104
28,101
29,100
30,113
31,128
32,145
33,130
34,145
35,146
36,149
37,154
38,173
39,190
40,211
41,234
42,229
43,254
44,273
45,294
46,273
47,278
48,285
49,278
50,253
51,234
52,229
53,254
54,229
55,226
56,203
57,186
58,203
59,186
60,189
61,194
62,217
63,242
64,237
65,222
66,237
67,212
68,189
69,212
70,237
71,254
72,251
73,226
74,229
75,254
76,273
77,248
78,253
79,260
80,269
81,250
82,261
83,250
84,241
85,234
86,259
87,286
88,269
89,276
90,249
91,242
92,227
93,202
94,227
95,202
96,217
97,224
98,209
99,202
0,217
1,212
2,217
3,194
4,189
5,212
6,189
7,174
8,153
9,168
10,189
11,174
12,179
13,186
14,165
15,186
16,195
17,210
18,201
19,210
20,201
21,180
22,173
23,158
24,165
25,146
26,161
27,146
28,155
29,170
30,181
31,198
32,181
33,198
34,181
35,164
36,149
37,164
38,153
39,138
40,149
41,166
42,181
43,198
44,181
45,164
46,181
47,198
48,187
49,198
50,211
51,230
52,249
53,230
54,249
55,236
56,257
57,270
58,249
59,270
60,291
61,314
62,301
63,280
64,261
65,274
66,293
67,274
68,293
69,270
70,291
71,270
72,249
73,230
74,251
75,230
76,213
77,200
78,213
79,194
80,209
81,226
82,209
83,228
84,213
85,228
86,213
87,198
88,185
89,198
90,213
91,200
92,213
93,234
94,221
95,234
96,257
97,242
98,229
99,244
0,257
1,282
2,267
3,242
4,229
5,242
6,229
7,242
8,257
9,272
10,289
11,306
12,283
13,266
14,285
15,306
16,329
17,352
18,329
19,308
20,325
21,302
22,325
23,346
24,329
25,308
26,325
27,302
28,285
29,302
30,285
31,302
32,321
33,302
34,323
35,346
36,329
37,308
38,333
39,350
40,325
41,302
42,285
43,308
44,289
45,274
46,257
47,242
48,267
49,254
50,241
51,230
52,241
53,254
54,269
55,254
56,281
57,268
58,281
59,294
60,281
61,310
62,297
63,286
64,317
65,308
66,321
67,308
68,317
69,328
70,341
71,356
72,373
73,356
74,341
75,330
76,363
77,378
78,345
79,336
80,369
81,386
82,353
83,386
84,421
85,458
86,421
87,440
88,461
89,454
90,419
91,426
92,405
93,426
94,419
95,426
96,435
97,446
98,481
99,470
0,461
1,426
2,419
3,454
4,419
5,442
6,449
7,458
8,469
9,446
10,435
11,414
12,405
13,440
14,477
15,516
16,477
17,486
18,449
19,486
20,507
21,530
22,541
23,518
24,497
25,536
26,577
27,620
28,601
29,584
30,573
31,584
32,573
33,564
34,521
35,514
36,557
37,552
38,557
39,552
40,557
41,602
42,557
43,602
44,587
45,602
46,649
47,698
48,705
49,722
50,715
51,734
52,729
53,734
54,785
55,838
56,785
57,806
58,785
59,734
60,785
61,792
62,801
63,750
64,701
65,682
66,665
67,656
68,649
69,656
70,609
71,656
72,705
73,714
74,731
75,742
76,755
77,742
78,793
79,846
80,859
81,846
82,835
83,826
84,809
85,818
86,873
87,858
88,869
89,882
90,897
91,912
92,969
93,1028
94,1013
95,954
96,969
97,1028
98,1045
99,986
0,1003
1,1022
2,965
3,948
4,1005
5,1026
6,1085
7,1146
8,1085
9,1070
10,1085
11,1064
12,1049
13,1030
14,1091
15,1110
16,1125
17,1110
18,1125
19,1142
20,1205
21,1270
22,1251
23,1234
24,1219
25,1206
26,1189
27,1178
28,1195
29,1186
30,1121
31,1186
32,1179
33,1198
34,1265
35,1286
36,1219
37,1286
38,1265
39,1286
40,1309
41,1378
42,1355
43,1286
44,1219
45,1154
46,1161
47,1184
48,1209
49,1236
50,1209
51,1202
52,1209
53,1184
54,1249
55,1316
56,1293
57,1286
58,1355
59,1362
60,1341
61,1350
62,1421
63,1442
64,1465
65,1456
66,1385
67,1410
68,1481
69,1456
70,1433
71,1426
72,1449
73,1456
74,1465
75,1456
76,1433
77,1442
78,1433
79,1506
80,1515
81,1442
82,1453
83,1432
84,1421
85,1432
86,1361
87,1292
88,1281
89,1350
90,1281
91,1214
92,1225
93,1160
94,1149
95,1160
96,1141
97,1160
98,1225
99,1160
0,1181
1,1160
2,1173
3,1188
4,1253
5,1188
6,1205
7,1188
8,1209
9,1232
10,1217
11,1204
12,1193
13,1258
14,1249
15,1258
16,1269
17,1294
18,1269
19,1336
20,1349
21,1418
22,1405
23,1430
24,1361
25,1430
26,1443
27,1418
28,1433
29,1504
30,1433
31,1458
32,1443
33,1470
34,1457
35,1528
36,1601
37,1676
38,1689
39,1614
40,1601
41,1528
42,1557
43,1630
44,1705
45,1718
46,1733
47,1750
48,1721
49,1740
50,1721
51,1646
52,1629
53,1646
54,1721
55,1646
56,1675
57,1658
58,1629
59,1602
60,1577
61,1504
62,1489
63,1476
64,1501
65,1430
66,1405
67,1430
68,1457
69,1528
70,1501
71,1528
72,1501
73,1490
74,1563
75,1554
76,1563
77,1638
78,1665
79,1694
80,1771
81,1782
82,1753
83,1766
84,1753
85,1766
86,1739
87,1754
88,1771
89,1754
90,1771
91,1790
92,1765
93,1790
94,1771
95,1754
96,1781
97,1766
98,1781
99,1766
0,1739
1,1714
2,1739
3,1726
4,1715
5,1638
6,1649
7,1574
8,1649
9,1574
10,1601
11,1676
12,1753
13,1726
14,1715
15,1638
16,1715
17,1726
18,1649
19,1676
20,1689
21,1662
22,1677
23,1662
24,1587
25,1662
26,1637
27,1714
28,1793
29,1780
30,1701
31,1678
32,1691
33,1678
34,1691
35,1706
36,1691
37,1714
38,1637
39,1614
40,1629
41,1614
42,1629
43,1706
44,1629
45,1554
46,1533
47,1608
48,1533
49,1514
50,1533
51,1518
52,1539
53,1554
54,1533
55,1460
56,1477
57,1406
58,1425
59,1356
60,1337
61,1406
62,1337
63,1270
64,1337
65,1358
66,1337
67,1270
68,1291
69,1310
70,1333
71,1314
72,1291
73,1314
74,1249
75,1268
76,1293
77,1230
78,1293
79,1274
80,1339
81,1366
82,1349
83,1322
84,1349
85,1416
86,1445
87,1430
88,1417
89,1486
90,1417
91,1406
92,1397
93,1330
94,1339
95,1350
96,1321
97,1294
98,1307
99,1294
0,1269
1,1204
2,1193
3,1258
4,1269
5,1336
6,1405
7,1382
8,1313
9,1292
10,1313
11,1246
12,1181
13,1118
14,1107
15,1046
16,987
17,1010
18,953
19,964
20,1021
21,998
22,1011
23,998
24,977
25,966
26,947
27,930
28,873
29,930
30,947
31,966
32,909
33,930
34,953
35,964
36,989
37,1016
38,1073
39,1016
40,1029
41,974
42,1029
43,1058
44,1003
45,990
46,937
47,926
48,937
49,968
50,957
51,948
52,897
53,890
54,859
55,890
56,841
57,794
58,749
59,782
60,827
61,822
62,819
63,854
64,891
65,938
66,937
67,900
68,949
69,950
70,987
71,950
72,1001
73,1000
74,965
75,966
76,969
77,1022
78,1077
79,1112
80,1149
81,1206
82,1211
83,1154
84,1161
85,1170
86,1209
87,1266
88,1257
89,1298
90,1257
91,1200
92,1193
93,1154
94,1099
95,1062
96,1057
97,1094
98,1099
99,1154
0,1193
1,1188
2,1229
3,1188
4,1229
5,1226
6,1269
7,1272
8,1277
9,1234
10,1193
11,1234
12,1277
13,1334
14,1291
15,1334
16,1379
17,1322
18,1317
19,1364
20,1309
21,1364
22,1317
23,1272
24,1329
25,1326
26,1283
27,1326
28,1371
29,1418
30,1421
31,1480
32,1485
33,1426
34,1421
35,1426
36,1421
37,1470
38,1467
39,1470
40,1421
41,1480
42,1421
43,1374
44,1433
45,1388
46,1433
47,1374
48,1329
49,1334
50,1277
51,1334
52,1329
53,1286
54,1291
55,1286
56,1229
57,1188
58,1133
59,1130
60,1171
61,1170
62,1171
63,1170
64,1171
65,1118
66,1077
67,1026
68,1067
69,1110
70,1067
71,1110
72,1067
73,1118
74,1171
75,1118
76,1161
77,1164
78,1121
79,1080
80,1041
81,1046
82,1085
83,1046
84,1099
85,1138
86,1085
87,1092
88,1145
89,1154
90,1209
91,1154
92,1115
93,1062
94,1053
95,1092
96,1053
97,1062
98,1053
99,1062
0,1101
1,1154
2,1145
3,1138
4,1179
5,1138
6,1145
7,1186
8,1145
9,1186
10,1145
11,1092
12,1085
13,1080
14,1041
15,1046
16,995
17,1002
18,1053
19,1016
20,1069
21,1034
22,1089
23,1146
24,1089
25,1146
26,1181
27,1190
28,1181
29,1240
30,1249
31,1310
32,1321
33,1384
34,1421
35,1486
36,1421
37,1486
38,1553
39,1516
40,1529
41,1598
42,1585
43,1622
44,1635
45,1566
46,1499
47,1538
48,1605
49,1566
50,1529
51,1598
52,1529
53,1566
54,1499
55,1514
56,1499
57,1486
58,1449
59,1438
60,1449
61,1462
62,1499
63,1486
64,1475
65,1410
66,1449
67,1514
68,1525
69,1592
70,1633
71,1592
72,1661
73,1674
74,1635
75,1566
76,1635
77,1650
78,1635
79,1622
80,1661
81,1622
82,1611
83,1682
84,1721
85,1712
86,1705
87,1746
88,1741
89,1746
90,1705
91,1712
92,1721
93,1762
94,1805
95,1734
96,1779
97,1826
98,1779
99,1790
0,1779
1,1710
2,1665
3,1656
4,1665
5,1598
6,1589
7,1524
8,1481
9,1490
10,1533
11,1544
12,1533
13,1524
14,1481
15,1546
16,1613
17,1572
18,1613
19,1546
20,1589
21,1582
22,1649
23,1694
24,1649
25,1656
26,1613
27,1622
28,1665
29,1710
30,1779
31,1770
32,1817
33,1770
34,1763
35,1810
36,1881
37,1876
38,1949
39,1998
40,2049
41,2124
42,2049
43,1976
44,1981
45,1930
46,1859
47,1866
48,1859
49,1910
50,1905
51,1958
52,1889
53,1944
54,1949
55,2006
56,2065
57,2134
58,2129
59,2200
60,2261
61,2334
62,2261
63,2266
64,2273
65,2346
66,2339
67,2414
68,2477
69,2472
70,2397
71,2334
72,2339
73,2266
74,2273
75,2346
76,2285
77,2294
78,2369
79,2360
80,2421
81,2430
82,2507
83,2586
84,2597
85,2536
86,2617
87,2606
88,2667
89,2750
90,2813
91,2824
92,2761
93,2774
94,2691
95,2630
96,2617
97,2606
98,2667
99,2678
0,2617
1,2606
2,2617
3,2700
4,2713
5,2654
6,2597
7,2682
8,2627
9,2642
10,2659
11,2746
12,2693
13,2712
14,2801
15,2822
16,2845
17,2756
18,2781
19,2730
20,2705
21,2682
22,2771
23,2682
24,2661
25,2642
26,2555
27,2642
28,2731
29,2782
30,2835
31,2746
32,2693
33,2746
34,2801
35,2858
36,2947
37,3038
38,3057
39,3116
40,3097
41,3190
42,3097
43,3158
44,3177
45,3240
46,3261
47,3240
48,3333
49,3314
50,3297
51,3314
52,3333
53,3428
54,3409
55,3474
56,3541
57,3610
58,3681
59,3754
60,3737
61,3664
62,3737
63,3722
64,3797
65,3874
66,3797
67,3894
68,3971
69,3958
70,3947
71,3870
72,3947
73,4046
74,4057
75,4070
76,4085
77,4070
78,3993
79,4070
80,3971
81,3986
82,3971
83,3986
84,4003
85,4022
86,4003
87,4022
88,3945
89,3926
90,3945
91,4022
92,4101
93,4122
94,4221
95,4322
96,4345
97,4266
98,4369
99,4474
0,4553
1,4660
2,4581
3,4474
4,4499
5,4578
6,4659
7,4578
8,4605
9,4634
10,4741
11,4822
12,4905
13,5014
14,5045
15,4962
16,4881
17,4850
18,4771
19,4742
20,4853
21,4932
22,4853
23,4966
24,4995
25,5110
26,5033
27,5150
28,5181
29,5258
30,5291
31,5370
32,5291
33,5326
34,5209
35,5094
36,5209
37,5132
38,5097
39,5064
40,5097
41,5214
42,5139
43,5214
44,5139
45,5106
46,5139
47,5066
48,5139
49,5106
50,5033
51,4916
52,4801
53,4688
54,4721
55,4756
56,4869
57,4906
58,4793
59,4682
60,4611
61,4542
62,4581
63,4542
64,4581
65,4514
66,4625
67,4738
68,4805
69,4766
70,4699
71,4766
72,4835
73,4874
74,4761
75,4874
76,4945
77,4874
78,4805
79,4766
80,4729
81,4662
82,4777
83,4894
84,4931
85,4894
86,4777
87,4662
88,4549
89,4586
90,4625
91,4586
92,4475
93,4514
94,4625
95,4738
96,4805
97,4920
98,4853
99,4814
0,4777
1,4894
2,4931
3,4970
4,5037
5,4998
6,5117
7,5156
8,5197
9,5318
10,5251
11,5374
12,5417
13,5462
14,5529
15,5598
16,5529
17,5576
18,5625
19,5694
20,5745
21,5622
22,5553
23,5486
24,5435
25,5502
26,5625
27,5502
28,5553
29,5432
30,5365
31,5300
32,5421
33,5544
34,5493
35,5370
36,5421
37,5474
38,5421
39,5486
40,5609
41,5486
42,5365
43,5246
44,5195
45,5262
46,5331
47,5214
48,5165
49,5096
50,5049
51,4982
52,4937
53,4982
54,4917
55,5034
56,4989
57,5034
58,4989
59,5054
60,5121
61,5078
62,5121
63,5240
64,5309
65,5240
66,5361
67,5294
68,5173
69,5130
70,5197
71,5156
72,5277
73,5400
74,5277
75,5400
76,5333
77,5374
78,5441
79,5510
80,5469
81,5430
82,5361
83,5430
84,5307
85,5378
86,5451
87,5330
88,5257
89,5138
90,5211
91,5250
92,5369
93,5410
94,5485
95,5366
96,5485
97,5528
98,5453
99,5498
0,5545
1,5426
2,5309
3,5384
4,5309
5,5384
6,5337
7,5414
8,5337
9,5292
10,5177
11,5134
12,5021
13,4910
14,4801
15,4910
16,4953
17,4998
18,5075
19,5030
20,5075
21,5122
22,5233
23,5312
24,5393
25,5346
26,5301
27,5220
28,5109
29,5154
30,5045
31,5154
32,5265
33,5312
34,5233
35,5186
36,5233
37,5122
38,5075
39,4966
40,5013
41,5122
42,5045
43,4936
44,4829
45,4878
46,4929
47,4982
48,4907
49,4854
50,4781
51,4888
52,4781
53,4854
54,4749
55,4698
56,4649
57,4698
58,4625
59,4522
60,4473
61,4546
62,4499
63,4602
64,4649
65,4602
66,4529
67,4576
68,4649
69,4576
70,4529
71,4634
72,4707
73,4754
74,4681
75,4610
76,4563
77,4634
78,4529
79,4484
80,4413
81,4484
82,4557
83,4514
84,4473
85,4400
86,4505
87,4466
88,4429
89,4358
90,4465
91,4502
92,4573
93,4502
94,4433
95,4326
96,4221
97,4118
98,4051
99,4154
0,4089
1,4026
2,4065
3,4106
4,4065
5,4004
6,3945
7,4004
8,3901
9,4004
10,3901
11,3862
12,3923
13,3886
14,3923
15,3862
16,3923
17,3986
18,4089
19,4154
20,4117
21,4184
22,4081
23,4118
24,4221
25,4154
26,4089
27,4052
28,4089
29,4052
30,3989
31,4052
32,4157
33,4194
34,4089
35,4154
36,4193
37,4298
38,4339
39,4298
40,4193
41,4298
42,4365
43,4298
44,4405
45,4340
46,4405
47,4298
48,4233
49,4170
50,4131
51,4070
52,4033
53,3998
54,3893
55,3954
56,4059
57,4166
58,4059
59,3954
60,3851
61,3818
62,3851
63,3954
64,4017
65,4052
66,4089
67,3986
68,3923
69,3862
70,3923
71,3862
72,3825
73,3928
74,3869
75,3812
76,3709
77,3746
78,3691
79,3794
80,3691
81,3746
82,3645
83,3684
84,3741
85,3800
86,3761
87,3862
88,3901
89,3800
90,3761
91,3822
92,3923
93,3886
94,3989
95,3886
96,3989
97,3886
98,3949
99,3914
0,3851
1,3954
2,3921
3,3984
4,4017
5,4122
6,4089
7,4026
8,4059
9,4094
10,4059
11,3998
12,3939
13,3882
14,3989
15,3934
16,3989
17,4098
18,3989
19,3956
20,3989
21,3882
22,3939
23,3974
24,3939
25,3998
26,4059
27,3954
28,4059
29,4122
30,4059
31,4026
32,3921
33,4026
34,3921
35,3860
36,3801
37,3860
38,3757
39,3726
40,3757
41,3698
42,3641
43,3540
44,3441
45,3386
46,3485
47,3518
48,3619
49,3674
50,3641
51,3674
52,3731
53,3834
54,3939
55,3974
56,3917
57,3974
58,3917
59,3862
60,3917
61,3974
62,3869
63,3906
64,3849
65,3812
66,3709
67,3674
68,3573
69,3674
70,3641
71,3540
72,3573
73,3474
74,3419
75,3322
76,3419
77,3454
78,3401
79,3350
80,3387
81,3350
82,3315
83,3266
84,3365
85,3266
86,3169
87,3204
88,3109
89,3204
90,3241
91,3290
92,3241
93,3338
94,3437
95,3476
96,3577
97,3626
98,3577
99,3538
0,3491
1,3390
2,3437
3,3476
4,3429
5,3470
6,3517
7,3470
8,3429
9,3384
10,3485
11,3442
12,3485
13,3530
14,3633
15,3588
16,3545
17,3650
18,3693
19,3738
20,3779
21,3734
22,3691
23,3586
24,3629
25,3734
26,3693
27,3738
28,3633
29,3530
30,3485
31,3384
32,3341
33,3302
34,3265
35,3366
36,3409
37,3308
38,3353
39,3400
40,3437
41,3390
42,3437
43,3476
44,3429
45,3530
46,3491
47,3454
48,3419
49,3374
50,3341
51,3444
52,3341
53,3310
54,3281
55,3326
56,3299
57,3326
58,3429
59,3534
60,3489
61,3384
62,3281
63,3310
64,3209
65,3254
66,3355
67,3386
68,3355
69,3310
70,3355
71,3326
72,3429
73,3384
74,3357
75,3332
76,3289
77,3186
78,3289
79,3332
80,3437
81,3332
82,3437
83,3462
84,3419
85,3378
86,3273
87,3300
88,3329
89,3434
90,3329
91,3434
92,3465
93,3360
94,3329
95,3300
96,3405
97,3434
98,3541
99,3502
0,3395
1,3502
2,3611
3,3574
4,3685
5,3722
6,3611
7,3582
8,3545
9,3510
10,3545
11,3656
12,3685
13,3798
14,3913
15,3950
16,3835
17,3798
18,3835
19,3798
20,3835
21,3950
22,4067
23,3950
24,3835
25,3866
26,3753
27,3722
28,3693
29,3806
30,3835
31,3866
32,3899
33,3786
34,3899
35,4014
36,4053
37,4020
38,4061
39,4104
40,4073
41,4190
42,4309
43,4266
44,4225
45,4186
46,4149
47,4270
48,4393
49,4424
50,4301
51,4424
52,4389
53,4422
54,4389
55,4514
56,4481
57,4356
58,4325
59,4296
60,4421
61,4394
62,4521
63,4650
64,4677
65,4646
66,4619
67,4646
68,4675
69,4646
70,4675
71,4646
72,4617
73,4748
74,4721
75,4854
76,4881
77,4854
78,4883
79,4854
80,4883
81,5018
82,5045
83,5016
84,4881
85,4910
86,5045
87,5016
88,5045
89,5074
90,5211
91,5350
92,5321
93,5350
94,5491
95,5462
96,5433
97,5406
98,5549
99,5578
0,5435
1,5466
2,5493
3,5352
4,5213
5,5246
6,5281
7,5144
8,5117
9,4982
10,4849
11,4886
12,4849
13,4718
14,4849
15,4982
16,5019
17,5058
18,5019
19,5058
20,5033
21,5168
22,5033
23,5074
24,5099
25,5142
26,5099
27,5142
28,5277
29,5234
30,5193
31,5330
32,5357
33,5386
34,5357
35,5318
36,5457
37,5420
38,5449
39,5480
40,5445
41,5586
42,5729
43,5698
44,5555
45,5526
46,5493
47,5522
48,5491
49,5522
50,5381
51,5412
52,5445
53,5414
54,5449
55,5480
56,5341
57,5480
58,5445
59,5478
60,5513
61,5548
62,5409
63,5548
64,5585
65,5446
66,5585
67,5726
68,5763
69,5726
70,5585
71,5548
72,5689
73,5654
74,5691
75,5730
76,5697
77,5730
78,5691
79,5550
80,5585
81,5624
82,5765
83,5726
84,5869
85,5908
86,5869
87,5834
88,5691
89,5834
90,5801
91,5658
92,5627
93,5658
94,5691
95,5726
96,5691
97,5658
98,5627
99,5486
0,5449
1,5310
2,5449
3,5420
4,5457
5,5486
6,5449
7,5480
8,5517
9,5658
10,5621
11,5480
12,5513
13,5480
14,5621
15,5654
16,5621
17,5590
18,5733
19,5698
20,5665
21,5810
22,5781
23,5636
24,5609
25,5642
26,5787
27,5642
28,5669
29,5814
30,5781
31,5750
32,5897
33,5750
34,5721
35,5750
36,5721
37,5750
38,5781
39,5810
40,5781
41,5750
42,5723
43,5698
44,5553
45,5578
46,5723
47,5694
48,5721
49,5576
50,5549
51,5576
52,5433
53,5576
54,5605
55,5750
56,5781
57,5814
58,5669
59,5526
60,5555
61,5522
62,5555
63,5586
64,5619
65,5654
66,5689
67,5654
68,5691
69,5550
70,5513
71,5478
72,5513
73,5548
74,5409
75,5374
76,5411
77,5550
78,5589
79,5624
80,5585
81,5622
82,5763
83,5802
84,5661
85,5622
86,5661
87,5522
88,5385
89,5250
90,5117
91,5080
92,5041
93,5078
94,5041
95,5174
96,5211
97,5078
98,5117
99,5158
0,5121
1,5086
2,5121
3,4990
4,5027
5,4898
6,4861
7,4734
8,4777
9,4814
10,4689
11,4646
12,4771
13,4646
14,4689
15,4728
16,4853
17,4814
18,4771
19,4898
20,5027
21,5070
22,5201
23,5246
24,5293
25,5162
26,5211
27,5174
28,5225
29,5262
30,5225
31,5096
32,5225
33,5356
34,5409
35,5374
36,5429
37,5396
38,5429
39,5396
40,5341
41,5396
42,5365
43,5422
44,5365
45,5422
46,5291
47,5162
48,5133
49,5262
50,5205
51,5178
52,5123
53,5098
54,5153
55,5210
56,5153
57,5024
58,4897
59,5024
60,4969
61,4842
62,4819
63,4766
64,4789
65,4738
66,4715
67,4766
68,4893
69,4766
70,4745
71,4766
72,4715
73,4738
74,4613
75,4564
76,4613
77,4664
78,4613
79,4490
80,4369
81,4320
82,4369
83,4346
84,4325
85,4346
86,4467
87,4418
88,4397
89,4378
90,4331
91,4314
92,4331
93,4454
94,4579
95,4598
96,4619
97,4598
98,4725
99,4772
0,4753
1,4626
2,4753
3,4802
4,4753
5,4772
6,4753
7,4802
8,4675
9,4694
10,4715
11,4590
12,4613
13,4490
14,4441
15,4394
16,4419
17,4374
18,4401
19,4358
20,4401
21,4430
22,4475
23,4506
24,4475
25,4354
26,4235
27,4118
28,4165
29,4136
30,4185
31,4070
32,3957
33,3986
34,4099
35,4070
36,4043
37,4158
38,4043
39,4070
40,4043
41,3994
42,4109
43,4158
44,4109
45,4084
46,4061
47,4178
48,4157
49,4138
50,4187
51,4070
52,4021
53,3906
54,3793
55,3906
56,4021
57,3906
58,4021
59,4004
60,4053
61,4070
62,4021
63,3906
64,3859
65,3974
66,3957
67,4074
68,4029
69,4014
70,4133
71,4014
72,3971
73,4090
74,3971
75,4014
76,4059
77,4074
78,4193
79,4074
80,3957
81,4074
82,4121
83,4138
84,4091
85,4210
86,4193
87,4314
88,4269
89,4226
90,4211
91,4226
92,4185
93,4146
94,4269
95,4308
96,4325
97,4202
98,4185
99,4146
0,4269
1,4394
2,4357
3,4374
4,4339
5,4306
6,4181
7,4058
8,4027
9,4150
10,4275
11,4246
12,4265
13,4294
14,4169
15,4150
16,4121
17,4104
18,4077
19,4104
20,4077
21,4062
22,4037
23,4014
24,4139
25,4162
26,4149
27,4174
28,4301
29,4314
30,4443
31,4470
32,4485
33,4502
34,4531
35,4550
36,4521
37,4542
38,4571
39,4594
40,4625
41,4756
42,4733
43,4712
44,4845
45,4814
46,4949
47,4930
48,4795
49,4778
50,4809
51,4778
52,4763
53,4778
54,4763
55,4794
56,4781
57,4814
58,4781
59,4770
60,4761
61,4730
62,4701
63,4730
64,4723
65,4754
66,4889
67,4896
68,4929
69,4794
70,4829
71,4696
72,4661
73,4628
74,4597
75,4606
76,4617
77,4486
78,4499
79,4514
80,4485
81,4356
82,4385
83,4370
84,4243
85,4274
86,4243
87,4214
88,4341
89,4314
90,4329
91,4314
92,4329
93,4304
94,4433
95,4564
96,4589
97,4606
98,4475
99,4450
0,4427
1,4406
2,4425
3,4446
4,4577
5,4556
6,4537
7,4558
8,4541
9,4526
10,4505
11,4638
12,4625
13,4638
14,4505
15,4374
16,4389
17,4260
18,4389
19,4374
20,4361
21,4374
22,4355
23,4226
24,4241
25,4226
26,4245
27,4260
28,4245
29,4226
30,4213
31,4226
32,4355
33,4338
34,4325
35,4456
36,4445
37,4456
38,4441
39,4574
40,4709
41,4846
42,4859
43,4846
44,4709
45,4574
46,4709
47,4724
48,4741
49,4878
50,4861
51,4874
52,4889
53,5028
54,5013
55,5000
56,4861
57,4850
58,4989
59,4974
60,4965
61,4952
62,4941
63,4934
64,4925
65,4934
66,4925
67,4932
68,4941
69,5082
70,5093
71,5236
72,5381
73,5390
74,5379
75,5526
76,5517
77,5510
78,5501
79,5354
80,5347
81,5202
82,5197
83,5204
84,5213
85,5210
86,5213
87,5224
88,5229
89,5218
90,5213
91,5070
92,4929
93,4790
94,4781
95,4920
96,4781
97,4774
98,4779
99,4774
0,4781
1,4644
2,4637
3,4642
4,4649
5,4642
6,4649
7,4786
8,4925
9,4934
10,4945
11,4958
12,4965
13,4958
14,4953
15,4940
16,4937
17,5078
18,4937
19,4926
20,5067
21,5070
22,5061
23,5204
24,5349
25,5342
26,5489
27,5496
28,5349
29,5358
30,5213
31,5070
32,5075
33,5070
34,5067
35,5210
36,5355
37,5346
38,5355
39,5210
40,5209
41,5220
42,5209
43,5210
44,5213
45,5070
46,5061
47,5066
48,5059
49,5054
50,5051
51,5050
52,4909
53,4910
54,4905
55,4904
56,4905
57,5046
58,5189
59,5334
60,5331
61,5330
62,5333
63,5188
64,5185
65,5186
66,5331
67,5330
68,5333
69,5334
70,5339
71,5346
72,5339
73,5346
74,5493
75,5642
76,5651
77,5802
78,5955
79,6110
80,6101
81,6258
82,6251
83,6246
84,6089
85,6246
86,6243
87,6242
88,6085
89,6086
90,5931
91,6086
92,5931
93,5930
94,5777
95,5780
96,5629
97,5480
98,5629
99,5780
0,5781
1,5778
2,5781
3,5784
4,5781
5,5934
6,5781
7,5784
8,5633
9,5638
10,5635
11,5642
12,5493
13,5486
14,5635
15,5642
16,5635
17,5786
18,5781
19,5778
20,5777
21,5930
22,5933
23,5938
24,5785
25,5780
26,5629
27,5780
28,5629
29,5630
30,5629
31,5634
32,5485
33,5338
34,5193
35,5194
36,5051
37,5046
38,4905
39,4904
40,4765
41,4762
42,4761
43,4900
44,4901
45,4762
46,4761
47,4762
48,4901
49,4902
50,4763
51,4902
52,4905
53,4908
54,4913
55,4774
56,4637
57,4634
58,4637
59,4632
60,4637
61,4774
62,4637
63,4634
64,4499
65,4502
66,4509
67,4502
68,4507
69,4642
70,4649
71,4514
72,4523
73,4530
74,4541
75,4676
76,4669
77,4534
78,4669
79,4658
80,4795
81,4658
82,4523
83,4514
84,4523
85,4390
86,4385
87,4376
88,4381
89,4390
90,4401
91,4534
92,4401
93,4534
94,4529
95,4518
96,4515
97,4650
98,4649
99,4650
0,4653
1,4658
2,4795
3,4802
4,4793
5,4802
6,4811
7,4822
8,4813
9,4822
10,4833
11,4696
12,4709
13,4722
14,4587
15,4574
16,4589
17,4456
18,4589
19,4456
20,4469
21,4454
22,4441
23,4310
24,4297
25,4310
26,4299
27,4170
28,4185
29,4314
30,4445
31,4578
32,4595
33,4730
34,4595
35,4578
36,4589
37,4606
38,4473
39,4462
40,4445
41,4462
42,4481
43,4614
44,4635
45,4614
46,4749
47,4614
48,4595
49,4462
50,4481
51,4614
52,4481
53,4492
54,4513
55,4526
56,4513
57,4382
58,4513
59,4502
60,4493
61,4502
62,4481
63,4502
64,4493
65,4626
66,4493
67,4472
68,4605
69,4614
70,4605
71,4626
72,4649
73,4516
74,4385
75,4394
76,4385
77,4516
78,4649
79,4642
80,4619
81,4642
82,4777
83,4642
84,4777
85,4784
86,4777
87,4784
88,4809
89,4784
90,4649
91,4516
92,4541
93,4410
94,4541
95,4550
96,4683
97,4550
98,4541
99,4674
0,4667
1,4802
2,4829
3,4858
4,4829
5,4858
6,4995
7,5134
8,5275
9,5418
10,5275
11,5306
12,5449
13,5456
14,5313
15,5346
16,5355
17,5498
18,5643
19,5654
20,5643
21,5790
22,5939
23,6090
24,5939
25,5974
26,5965
27,6002
28,6011
29,6162
30,6201
31,6354
32,6201
33,6212
34,6225
35,6240
36,6201
37,6354
38,6371
39,6526
40,6683
41,6702
42,6861
43,6842
44,6825
45,6666
46,6509
47,6666
48,6705
49,6722
50,6881
51,6900
52,6881
53,6842
54,6881
55,6922
56,6905
57,6746
58,6763
59,6746
60,6789
61,6948
62,6965
63,6922
64,6965
65,6948
66,6933
67,6890
68,6933
69,6948
70,6993
71,6948
72,6933
73,6774
74,6819
75,6834
76,6677
77,6662
78,6819
79,6978
80,7139
81,7126
82,7173
83,7336
84,7325
85,7162
86,7115
87,7126
88,7115
89,7070
90,7027
91,6866
92,6707
93,6750
94,6909
95,6750
96,6795
97,6786
98,6945
99,6992
0,6833
1,6826
2,6985
3,6992
4,7001
5,7012
6,7173
7,7186
8,7173
9,7222
10,7061
11,6902
12,6915
13,6902
14,6853
15,6866
16,6881
17,6930
18,7089
19,7040
20,7025
21,6978
22,7025
23,6866
24,6709
25,6724
26,6773
27,6930
28,6773
29,6724
30,6773
31,6790
32,6635
33,6654
34,6675
35,6698
36,6853
37,6878
38,6929
39,6774
40,6621
41,6596
42,6649
43,6802
44,6827
45,6802
46,6957
47,6802
48,6827
49,6674
50,6649
51,6704
52,6729
53,6756
54,6605
55,6550
56,6605
57,6456
58,6513
59,6662
60,6691
61,6842
62,6873
63,6906
64,6941
65,6978
66,7131
67,7170
68,7131
69,7286
70,7131
71,7074
72,7229
73,7386
74,7425
75,7584
76,7641
77,7682
78,7523
79,7582
80,7523
81,7566
82,7725
83,7886
84,7725
85,7784
86,7945
87,7784
88,7625
89,7784
90,7829
91,7784
92,7845
93,7686
94,7643
95,7582
96,7425
97,7270
98,7313
99,7468
0,7625
1,7784
2,7625
3,7582
4,7741
5,7700
6,7861
7,7822
8,7785
9,7846
10,7685
11,7526
12,7563
13,7722
14,7563
15,7722
16,7785
17,7748
18,7785
19,7824
20,7785
21,7850
22,7785
23,7824
24,7785
25,7722
26,7883
27,8046
28,8109
29,8072
30,8037
31,7974
32,8139
33,8174
34,8139
35,8202
36,8237
37,8202
38,8267
39,8334
40,8501
41,8670
42,8705
43,8742
44,8675
45,8506
46,8339
47,8378
48,8445
49,8612
50,8545
51,8586
52,8629
53,8564
54,8397
55,8232
56,8297
57,8462
58,8629
59,8462
60,8507
61,8442
62,8507
63,8674
64,8843
65,8910
66,8843
67,8890
68,8939
69,9006
70,9075
71,9246
72,9419
73,9370
74,9545
75,9616
76,9441
77,9616
78,9569
79,9616
80,9689
81,9514
82,9341
83,9170
84,9245
85,9322
86,9401
87,9232
88,9065
89,9114
90,9165
91,9000
92,9165
93,9114
94,9195
95,9030
96,8981
97,9146
98,9229
99,9314
0,9481
1,9396
2,9445
3,9362
4,9531
5,9450
6,9531
7,9482
8,9531
9,9582
10,9635
11,9718
12,9665
13,9750
14,9581
15,9750
16,9803
17,9634
18,9467
19,9522
20,9689
21,9522
22,9689
23,9858
24,9803
25,9858
26,10029
27,9944
28,10001
29,9944
30,10117
31,9944
32,10001
33,10174
34,10117
35,10174
36,10091
37,10266
38,10325
39,10150
40,9977
41,10150
42,10069
43,9896
44,9837
45,9918
46,9977
47,10038
48,9957
49,9896
50,9957
51,9878
52,9801
53,9630
54,9461
55,9400
56,9461
57,9524
58,9461
59,9386
60,9219
61,9386
62,9219
63,9054
64,8981
65,9054
66,8891
67,8830
68,8669
69,8730
70,8891
71,8818
72,8981
73,9146
74,9313
75,9242
76,9305
77,9474
78,9539
79,9470
80,9301
81,9368
82,9301
83,9470
84,9405
85,9576
86,9405
87,9576
88,9641
89,9574
90,9747
91,9814
92,9749
93,9924
94,9993
95,9930
96,9993
97,9930
98,10107
99,10038
0,10217
1,10286
2,10467
3,10530
4,10467
5,10398
6,10337
7,10270
8,10089
9,10030
10,10089
11,10024
12,9961
13,10022
14,10085
15,9906
16,9971
17,10150
18,9971
19,10150
20,10089
21,10024
22,9965
23,10024
24,9961
25,10142
26,10325
27,10142
28,10083
29,10266
30,10209
31,10394
32,10209
33,10394
34,10457
35,10522
36,10709
37,10766
38,10709
39,10644
40,10709
41,10766
42,10709
43,10522
44,10337
45,10272
46,10329
47,10272
48,10089
49,10034
50,10217
51,10034
52,9981
53,10046
54,10229
55,10282
56,10337
57,10404
58,10473
59,10290
60,10473
61,10290
62,10235
63,10182
64,10131
65,9950
66,10021
67,9950
68,10001
69,10182
70,10235
71,10166
72,10221
73,10040
74,10221
75,10278
76,10337
77,10278
78,10337
79,10406
80,10477
81,10660
82,10721
83,10784
84,10713
85,10650
86,10589
87,10774
88,10589
89,10520
90,10705
91,10520
92,10589
93,10406
94,10477
95,10418
96,10347
97,10418
98,10491
99,10434
0,10379
1,10434
2,10253
3,10074
4,9897
5,9722
6,9779
7,9722
8,9649
9,9594
10,9523
11,9454
12,9629
13,9576
14,9525
15,9458
16,9509
17,9458
18,9509
19,9562
20,9509
21,9334
22,9401
23,9454
24,9281
25,9350
26,9523
27,9470
28,9297
29,9470
30,9541
31,9716
32,9541
33,9594
34,9523
35,9578
36,9405
37,9476
38,9405
39,9336
40,9281
41,9350
42,9421
43,9476
44,9305
45,9234
46,9405
47,9336
48,9405
49,9578
50,9405
51,9462
52,9521
53,9592
54,9665
55,9726
56,9653
57,9592
58,9665
59,9740
60,9817
61,9740
62,9681
63,9758
64,9837
65,10010
66,9931
67,10010
68,10069
69,10130
70,10069
71,10010
72,9837
73,9896
74,10069
75,9990
76,10165
77,10088
78,10029
79,9954
80,9881
81,9706
82,9533
83,9476
84,9649
85,9578
86,9523
87,9578
88,9523
89,9470
90,9645
91,9594
92,9771
93,9594
94,9771
95,9822
96,9753
97,9702
98,9653
99,9586
0,9539
1,9474
2,9539
3,9718
4,9765
5,9718
6,9673
7,9740
8,9561
9,9606
10,9653
11,9832
12,9881
13,9814
14,9749
15,9700
16,9765
17,9814
18,9881
19,10062
20,9881
21,9932
22,10113
23,10296
24,10229
25,10296
26,10245
27,10314
28,10245
29,10314
30,10245
31,10062
32,10131
33,10062
34,10013
35,10082
36,10035
37,9966
38,9921
39,9966
40,9921
41,9854
42,9789
43,9746
44,9789
45,9608
46,9789
47,9608
48,9429
49,9474
50,9539
51,9494
52,9539
53,9474
54,9411
55,9350
56,9397
57,9576
58,9517
59,9338
60,9387
61,9438
62,9491
63,9670
64,9491
65,9550
66,9373
67,9320
68,9373
69,9428
70,9485
71,9544
72,9485
73,9544
74,9485
75,9428
76,9489
77,9314
78,9259
79,9206
80,9145
81,9198
82,9139
83,9314
84,9139
85,9194
86,9251
87,9194
88,9253
89,9310
90,9251
91,9310
92,9485
93,9662
94,9605
95,9662
96,9603
97,9546
98,9369
99,9426
0,9485
1,9546
2,9489
3,9552
4,9377
5,9442
6,9617
7,9562
8,9739
9,9918
10,9865
11,9686
12,9865
13,10046
14,10099
15,9918
16,9865
17,9800
18,9737
19,9790
20,9853
21,9674
22,9497
23,9552
24,9609
25,9786
26,9609
27,9546
28,9605
29,9546
30,9609
31,9546
32,9489
33,9428
34,9373
35,9428
36,9489
37,9666
38,9845
39,9784
40,9729
41,9676
42,9625
43,9576
44,9625
45,9446
46,9397
47,9458
48,9281
49,9220
50,9269
51,9210
52,9161
53,9220
54,9281
55,9106
56,8933
57,8982
58,9033
59,9086
60,9149
61,9204
62,9377
63,9204
64,9033
65,9098
66,9033
67,8970
68,9027
69,9086
70,8917
71,8750
72,8689
73,8630
74,8797
75,8966
76,9025
77,9086
78,9147
79,9210
80,9149
81,9086
82,9257
83,9196
84,9257
85,9430
86,9371
87,9430
88,9371
89,9546
90,9371
91,9198
92,9137
93,9080
94,9137
95,9196
96,9025
97,8856
98,8689
99,8630
0,8573
1,8740
2,8801
3,8634
4,8579
5,8642
6,8809
7,8756
8,8809
9,8642
10,8477
11,8314
12,8369
13,8208
14,8049
15,8114
16,8059
17,7994
18,8153
19,8218
20,8285
21,8446
22,8609
23,8664
24,8501
25,8446
26,8501
27,8664
28,8501
29,8434
30,8501
31,8434
32,8273
33,8208
34,8273
35,8330
36,8265
37,8202
38,8043
39,7982
40,7925
41,7986
42,8043
43,8202
44,8141
45,7982
46,7825
47,7884
48,7729
49,7790
50,7731
51,7670
52,7731
53,7886
54,7731
55,7670
56,7517
57,7576
58,7517
59,7578
60,7521
61,7370
62,7221
63,7160
64,7101
65,7044
66,7101
67,7044
68,6989
69,7138
70,7085
71,7236
72,7181
73,7234
74,7083
75,7138
76,6989
77,7044
78,7101
79,7160
80,7221
81,7160
82,7101
83,7046
84,6899
85,6842
86,6697
87,6644
88,6501
89,6360
90,6305
91,6446
92,6395
93,6342
94,6395
95,6346
96,6293
97,6342
98,6293
99,6342
0,6293
1,6242
2,6195
3,6246
4,6299
5,6158
6,6019
7,5882
8,5937
9,6074
10,6213
11,6074
12,6213
13,6074
14,6131
15,6086
16,6029
17,5892
18,5949
19,6008
20,6069
21,6026
22,6089
23,6132
24,6269
25,6314
26,6361
27,6314
28,6269
29,6314
30,6177
31,6224
32,6177
33,6314
34,6269
35,6206
36,6269
37,6132
38,6089
39,6226
40,6269
41,6132
42,5997
43,6062
44,6197
45,6154
46,6089
47,6026
48,5965
49,6102
50,5965
51,5906
52,5849
53,5986
54,6029
55,6086
56,6029
57,5986
58,6029
59,5892
60,5849
61,5808
62,5673
63,5634
64,5673
65,5634
66,5673
67,5618
68,5753
69,5618
70,5673
71,5730
72,5597
73,5466
74,5597
75,5558
76,5691
77,5634
78,5597
79,5542
80,5597
81,5562
82,5697
83,5642
84,5507
85,5374
86,5507
87,5562
88,5429
89,5486
90,5545
91,5678
92,5813
93,5754
94,5619
95,5562
96,5597
97,5654
98,5713
99,5654
0,5789
1,5732
2,5869
3,6008
4,5953
5,5900
6,5953
7,5990
8,5953
9,6094
10,6041
11,5900
12,5761
13,5710
14,5849
15,5800
16,5753
17,5708
18,5753
19,5614
20,5651
21,5698
22,5837
23,5800
24,5837
25,5876
26,6017
27,6066
28,6117
29,5976
30,5837
31,5798
32,5851
33,5906
34,5869
35,6008
36,5973
37,5834
38,5697
39,5834
40,5779
41,5642
42,5677
43,5714
44,5753
45,5700
46,5565
47,5618
48,5579
49,5542
50,5409
51,5464
52,5409
53,5374
54,5243
55,5114
56,5243
57,5298
58,5265
59,5234
60,5291
61,5262
62,5393
63,5526
64,5499
65,5558
66,5533
67,5594
68,5729
69,5754
70,5619
71,5558
72,5693
73,5754
74,5781
75,5844
76,5781
77,5844
78,5873
79,5738
80,5605
81,5542
82,5573
83,5606
84,5573
85,5706
86,5841
87,5810
88,5873
89,5904
90,5873
91,5938
92,6075
93,6010
94,6149
95,6180
96,6245
97,6214
98,6281
99,6422
0,6491
1,6422
2,6355
3,6422
4,6281
5,6214
6,6149
7,6214
8,6185
9,6120
10,5981
11,6120
12,6057
13,5918
14,6057
15,6120
16,6149
17,6214
18,6245
19,6180
20,6117
21,5978
22,6011
23,6150
24,6089
25,6230
26,6089
27,6030
28,6089
29,6124
30,6161
31,6302
32,6161
33,6222
34,6185
35,6150
36,6117
37,6086
38,6227
39,6086
40,5947
41,5978
42,5841
43,5904
44,5969
45,6106
46,6075
47,5938
48,5969
49,5904
50,6041
51,6010
52,6075
53,6214
54,6245
55,6180
56,6117
57,6150
58,6213
59,6354
60,6291
61,6326
62,6265
63,6408
64,6349
65,6494
66,6349
67,6314
68,6281
69,6250
70,6193
71,6138
72,5995
73,6026
74,5995
75,5942
76,5995
77,6138
78,6283
79,6430
80,6461
81,6430
82,6283
83,6138
84,6169
85,6314
86,6283
87,6138
88,6169
89,6116
90,6149
91,6202
92,6149
93,6294
94,6441
95,6390
96,6341
97,6294
98,6329
99,6284
0,6137
1,6182
2,6219
3,6174
4,6321
5,6470
6,6509
7,6660
8,6813
9,6660
10,6509
11,6466
12,6425
13,6576
14,6617
15,6578
16,6621
17,6666
18,6713
19,6762
20,6915
21,7070
22,7033
23,6878
24,6829
25,6878
26,6915
27,6954
28,6915
29,6878
30,7033
31,7070
32,7121
33,7084
34,7049
35,7016
36,6965
37,7122
38,7073
39,7232
40,7201
41,7172
42,7333
43,7496
44,7525
45,7690
46,7739
47,7690
48,7661
49,7614
50,7781
51,7828
52,7877
53,7828
54,7997
55,7828
56,7801
57,7634
58,7683
59,7710
60,7877
61,7928
62,7901
63,7876
64,8045
65,7994
66,7971
67,7802
68,7853
69,7686
70,7635
71,7470
72,7449
73,7430
74,7449
75,7500
76,7665
77,7686
78,7709
79,7876
80,7853
81,7906
82,7853
83,7686
84,7709
85,7686
86,7709
87,7658
88,7493
89,7444
90,7609
91,7634
92,7587
93,7634
94,7661
95,7634
96,7609
97,7444
98,7469
99,7496
0,7449
1,7614
2,7661
3,7828
4,7661
5,7634
6,7469
7,7306
8,7355
9,7330
10,7355
11,7306
12,7469
13,7306
14,7355
15,7518
16,7545
17,7382
18,7545
19,7596
20,7625
21,7574
22,7625
23,7596
24,7433
25,7272
26,7325
27,7166
28,7195
29,7166
30,7009
31,7038
32,7009
33,7064
34,7221
35,7166
36,7113
37,7142
38,7113
39,7272
40,7301
41,7332
42,7173
43,7016
44,7049
45,7206
46,7241
47,7190
48,7241
49,7190
50,7227
51,7386
52,7337
53,7376
54,7329
55,7290
56,7131
57,7094
58,6937
59,6902
60,7059
61,7106
62,7155
63,7314
64,7365
65,7332
66,7365
67,7526
68,7689
69,7742
70,7689
71,7656
72,7625
73,7574
74,7411
75,7442
76,7493
77,7332
78,7493
79,7656
80,7625
81,7790
82,7957
83,7988
84,7957
85,7988
86,7957
87,8010
88,7843
89,7790
90,7957
91,8126
92,8297
93,8328
94,8277
95,8228
96,8057
97,8090
98,8043
99,8090
0,8057
1,8228
2,8197
3,8246
4,8277
5,8328
6,8297
7,8268
8,8297
9,8268
10,8321
11,8376
12,8433
13,8492
14,8521
15,8694
16,8665
17,8492
18,8465
19,8406
20,8381
21,8324
22,8153
23,8178
24,8153
25,8324
26,8497
27,8554
28,8497
29,8442
30,8467
31,8294
32,8321
33,8494
34,8523
35,8554
36,8587
37,8642
38,8677
39,8734
40,8909
41,8852
42,8677
43,8622
44,8797
45,8852
46,8909
47,8946
48,8889
49,9066
50,9123
51,9086
52,9051
53,8874
54,9051
55,9110
56,9051
57,8994
58,8939
59,8906
60,8853
61,8676
62,8501
63,8470
64,8419
65,8470
66,8419
67,8246
68,8075
69,8026
70,8075
71,8126
72,8097
73,7928
74,7761
75,7814
76,7787
77,7734
78,7709
79,7544
80,7493
81,7330
82,7355
83,7330
84,7381
85,7434
86,7459
87,7434
88,7459
89,7406
90,7459
91,7434
92,7459
93,7486
94,7433
95,7382
96,7433
97,7486
98,7433
99,7406
0,7569
1,7596
2,7649
3,7596
4,7625
5,7678
6,7515
7,7570
8,7733
9,7678
10,7709
11,7764
12,7601
13,7546
14,7709
15,7656
16,7821
17,7874
18,8041
19,8074
20,7907
21,7962
22,7907
23,7942
24,7777
25,7614
26,7561
27,7724
28,7689
29,7742
30,7777
31,7832
32,7777
33,7814
34,7777
35,7724
36,7889
37,7724
38,7689
39,7638
40,7689
41,7742
42,7709
43,7656
44,7689
45,7742
46,7689
47,7724
48,7889
49,7854
50,7803
51,7770
52,7739
53,7690
54,7643
55,7478
56,7525
57,7478
58,7449
59,7422
60,7377
61,7542
62,7569
63,7598
64,7643
65,7614
66,7569
67,7598
68,7433
69,7478
70,7525
71,7556
72,7509
73,7556
74,7605
75,7442
76,7411
77,7250
78,7091
79,7122
80,7155
81,7190
82,7241
83,7278
84,7331
85,7386
86,7425
87,7370
88,7331
89,7386
90,7545
91,7584
92,7641
93,7682
94,7725
95,7784
96,7845
97,8006
98,8051
99,8098
0,7937
1,7876
2,7817
3,7770
4,7713
5,7760
6,7713
7,7658
8,7605
9,7560
10,7401
11,7350
12,7193
13,7038
14,7193
15,7238
16,7083
17,7130
18,6977
19,7028
20,7081
21,7234
22,7289
23,7136
24,7289
25,7242
26,7187
27,7234
28,7289
29,7444
30,7289
31,7346
32,7501
33,7550
34,7395
35,7338
36,7185
37,7136
38,7289
39,7234
40,7389
41,7234
42,7389
43,7342
44,7397
45,7352
46,7297
47,7454
48,7613
49,7668
50,7829
51,7774
52,7731
53,7690
54,7529
55,7490
56,7331
57,7278
58,7437
59,7598
60,7561
61,7724
62,7561
63,7400
64,7453
65,7294
66,7259
67,7294
68,7241
69,7206
70,7155
71,7190
72,7241
73,7400
74,7453
75,7614
76,7561
77,7510
78,7349
79,7386
80,7437
81,7278
82,7331
83,7174
84,7137
85,7294
86,7259
87,7314
88,7349
89,7192
90,7037
91,7074
92,7131
93,7170
94,7113
95,6960
96,6809
97,6850
98,6809
99,6850
0,7001
1,6946
2,7099
3,7046
4,7099
5,7142
6,7297
7,7454
8,7401
9,7358
10,7201
11,7244
12,7201
13,7046
14,7005
15,7160
16,7201
17,7046
18,7089
19,7134
20,7289
21,7446
22,7493
23,7546
24,7389
25,7336
26,7493
27,7542
28,7593
29,7542
30,7593
31,7752
32,7701
33,7650
34,7601
35,7552
36,7601
37,7442
38,7601
39,7442
40,7493
41,7446
42,7395
43,7238
44,7189
45,7346
46,7393
47,7346
48,7505
49,7666
50,7505
51,7552
52,7601
53,7442
54,7491
55,7650
56,7701
57,7752
58,7805
59,7858
60,7805
61,7646
62,7593
63,7542
64,7701
65,7542
66,7593
67,7752
68,7701
69,7862
70,7811
71,7762
72,7715
73,7766
74,7813
75,7766
76,7721
77,7766
78,7715
79,7878
80,7925
81,7762
82,7715
83,7666
84,7829
85,7878
86,7929
87,8094
88,8043
89,7998
90,8049
91,8006
92,8059
93,8226
94,8173
95,8216
96,8385
97,8556
98,8513
99,8342
0,8385
1,8556
2,8601
3,8556
4,8729
5,8686
6,8635
7,8586
8,8761
9,8938
10,8987
11,8946
12,9125
13,9166
14,9125
15,9086
16,9049
17,8870
18,8921
19,8744
20,8693
21,8518
22,8555
23,8382
24,8211
25,8174
26,8345
27,8396
28,8361
29,8328
30,8381
31,8414
32,8361
33,8328
34,8381
35,8210
36,8265
37,8234
38,8179
39,8126
40,8179
41,8150
42,8123
43,8150
44,7981
45,8036
46,8093
47,8122
48,7955
49,7926
50,8093
51,8066
52,7899
53,8066
54,8125
55,8186
56,8125
57,8152
58,8181
59,8212
60,8045
61,8212
62,8153
63,8186
64,8153
65,7986
66,8045
67,8014
68,7849
69,7910
70,7849
71,7686
72,7525
73,7366
74,7337
75,7278
76,7221
77,7250
78,7195
79,7038
80,7069
81,7226
82,7069
83,7124
84,6969
85,6816
86,6785
87,6730
88,6579
89,6730
90,6883
91,6914
92,6761
93,6730
94,6761
95,6794
96,6643
97,6678
98,6625
99,6678
0,6625
1,6590
2,6539
3,6490
4,6443
5,6478
6,6515
7,6562
8,6611
9,6662
10,6625
11,6590
12,6741
13,6776
14,6829
15,6866
16,6829
17,6884
18,6941
19,7000
20,7153
21,7308
22,7465
23,7624
24,7565
25,7624
26,7685
27,7748
28,7785
29,7824
30,7985
31,7922
32,7861
33,7802
34,7763
35,7802
36,7641
37,7602
38,7443
39,7286
40,7325
41,7366
42,7523
43,7366
44,7425
45,7270
46,7425
47,7468
48,7625
49,7582
50,7541
51,7384
52,7229
53,7270
54,7425
55,7582
56,7643
57,7686
58,7731
59,7670
60,7513
61,7560
62,7621
63,7670
64,7621
65,7670
66,7515
67,7466
68,7529
69,7466
70,7621
71,7684
72,7733
73,7684
74,7529
75,7684
76,7637
77,7592
78,7437
79,7502
80,7437
81,7502
82,7349
83,7284
84,7133
85,7198
86,7049
87,7198
88,7133
89,7070
90,7009
91,6860
92,7009
93,6950
94,6907
95,6966
96,6907
97,6950
98,6995
99,6846
0,6789
1,6734
2,6883
3,6830
4,6877
5,6830
6,6883
7,6930
8,6781
9,6836
10,6985
11,6836
12,6789
13,6642
14,6689
15,6738
16,6683
17,6630
18,6579
19,6630
20,6777
21,6926
22,6875
23,6926
24,6979
25,7034
26,6979
27,6830
28,6979
29,7030
30,7085
31,7030
32,7181
33,7236
34,7293
35,7236
36,7085
37,6936
38,7085
39,7142
40,7085
41,7034
42,7085
43,7030
44,6881
45,7030
46,7085
47,7236
48,7085
49,7030
50,6977
51,6926
52,6977
53,7128
54,7077
55,7230
56,7385
57,7336
58,7389
59,7234
60,7389
61,7438
62,7389
63,7342
64,7297
65,7454
66,7613
67,7774
68,7829
69,7886
70,8049
71,8214
72,8157
73,7992
74,8049
75,8094
76,8141
77,7978
78,7817
79,7658
80,7601
81,7554
82,7397
83,7352
84,7309
85,7352
86,7397
87,7242
88,7397
89,7342
90,7297
91,7254
92,7213
93,7268
94,7325
95,7286
96,7325
97,7366
98,7425
99,7366
0,7425
1,7384
2,7445
3,7290
4,7353
5,7394
6,7353
7,7394
8,7241
9,7306
10,7459
11,7418
12,7573
13,7534
14,7379
15,7314
16,7353
17,7200
18,7137
19,7200
20,7241
21,7178
22,7331
23,7394
24,7459
25,7306
26,7373
27,7442
28,7485
29,7638
30,7485
31,7530
32,7601
33,7754
34,7683
35,7730
36,7683
37,7638
38,7595
39,7666
40,7595
41,7554
42,7625
43,7666
44,7821
45,7666
46,7821
47,7750
48,7907
49,7950
50,8109
51,8154
52,8225
53,8386
54,8459
55,8534
56,8373
57,8298
58,8225
59,8298
60,8225
61,8154
62,7995
63,8154
64,8315
65,8362
66,8293
67,8226
68,8275
69,8114
70,8049
71,7890
72,7955
73,8114
74,8275
75,8438
76,8389
77,8226
78,8389
79,8324
80,8261
81,8098
82,8147
83,7986
84,7925
85,7766
86,7817
87,7870
88,8029
89,8090
90,8037
91,7986
92,7827
93,7670
94,7721
95,7784
96,7849
97,7798
98,7749
99,7594
0,7547
1,7394
2,7243
3,7198
4,7243
5,7198
6,7049
7,6902
8,6837
9,6774
10,6921
11,6774
12,6731
13,6690
14,6629
15,6484
16,6445
17,6506
18,6569
19,6714
20,6651
21,6690
22,6629
23,6690
24,6651
25,6506
26,6469
27,6326
28,6363
29,6302
30,6161
31,6222
32,6161
33,6222
34,6261
35,6302
36,6241
37,6284
38,6329
39,6376
40,6317
41,6260
42,6213
43,6354
44,6309
45,6266
46,6225
47,6186
48,6243
49,6386
50,6243
51,6186
52,6131
53,5990
54,6131
55,6170
56,6117
57,5976
58,6029
59,6084
60,6141
61,6002
62,5865
63,5808
64,5849
65,5794
66,5931
67,5878
68,6017
69,6060
70,6017
71,6158
72,6211
73,6254
74,6309
75,6354
76,6401
77,6260
78,6121
79,6066
80,5929
81,6066
82,6019
83,5882
84,5837
85,5794
86,5659
87,5618
88,5753
89,5794
90,5931
91,5794
92,5741
93,5794
94,5753
95,5618
96,5565
97,5432
98,5485
99,5354
0,5301
1,5432
2,5565
3,5606
4,5659
5,5794
6,5837
7,5882
8,5837
9,5974
10,6113
11,6070
12,6125
13,6266
14,6323
15,6466
16,6525
17,6586
18,6629
19,6586
20,6629
21,6692
22,6757
23,6802
24,6869
25,6916
26,6773
27,6842
28,6795
29,6938
30,7083
31,7014
32,6947
33,6994
34,6947
35,6994
36,6947
37,6994
38,7061
39,7208
40,7061
41,6916
42,6849
43,6898
44,6965
45,6822
46,6681
47,6632
48,6585
49,6518
50,6453
51,6314
52,6251
53,6190
54,6329
55,6376
56,6317
57,6178
58,6121
59,6178
60,6237
61,6286
62,6425
63,6366
64,6309
65,6170
66,6033
67,6170
68,6033
69,6090
70,6041
71,5984
72,6121
73,6074
74,6131
75,6086
76,5949
77,6086
78,6225
79,6168
80,6113
81,6070
82,6017
83,6070
84,6017
85,6158
86,6211
87,6070
88,6113
89,6158
90,6299
91,6346
92,6395
93,6446
94,6589
95,6644
96,6701
97,6558
98,6507
99,6558
0,6611
1,6754
2,6899
3,6842
4,6789
5,6842
6,6789
7,6734
8,6683
9,6734
10,6881
11,6934
12,6787
13,6842
14,6697
15,6842
16,6697
17,6644
18,6501
19,6446
20,6395
21,6450
22,6501
23,6450
24,6501
25,6554
26,6611
27,6670
28,6529
29,6584
30,6641
31,6584
32,6525
33,6386
34,6525
35,6584
36,6529
37,6390
38,6529
39,6390
40,6253
41,6194
42,6059
43,6002
44,5947
45,5894
46,6029
47,5978
48,6033
49,6084
50,6221
51,6274
52,6219
53,6274
54,6221
55,6360
56,6413
57,6554
58,6697
59,6754
60,6809
61,6754
62,6701
63,6644
64,6589
65,6644
66,6701
67,6846
68,6899
69,6846
70,6795
71,6846
72,6701
73,6846
74,6701
75,6760
76,6709
77,6854
78,6905
79,6854
80,6709
81,6566
82,6709
83,6660
84,6805
85,6854
86,6795
87,6738
88,6795
89,6942
90,6885
91,6830
92,6781
93,6728
94,6681
95,6636
96,6585
97,6636
98,6593
99,6446
0,6301
1,6344
2,6389
3,6442
4,6397
5,6354
6,6499
7,6542
8,6489
9,6438
10,6489
11,6534
12,6681
13,6630
14,6585
15,6636
16,6585
17,6438
18,6293
19,6344
20,6489
21,6446
22,6301
23,6354
24,6313
25,6170
26,6117
27,6170
28,6313
29,6368
30,6225
31,6084
32,6225
33,6282
34,6243
35,6386
36,6243
37,6282
38,6225
39,6266
40,6125
41,5986
42,6043
43,6086
44,6131
45,6178
46,6041
47,6178
48,6131
49,6086
50,5949
51,6086
52,6131
53,6190
54,6131
55,5994
56,6053
57,6190
58,6053
59,6100
60,6149
61,6090
62,6041
63,6090
64,6141
65,6084
66,6141
67,6006
68,5949
69,5816
70,5949
71,6006
72,5873
73,5822
74,5765
75,5898
76,5949
77,6084
78,6033
79,5984
80,5937
81,6074
82,6029
83,5986
84,5945
85,6084
86,6141
87,6002
88,5865
89,5808
90,5865
91,5730
92,5673
93,5618
94,5753
95,5890
96,5945
97,6084
98,6125
99,6084
0,5945
1,5906
2,5869
3,5834
4,5697
5,5562
6,5597
7,5464
8,5333
9,5464
10,5409
11,5446
12,5409
13,5356
14,5305
15,5256
16,5305
17,5342
18,5393
19,5356
20,5489
21,5438
22,5389
23,5256
24,5125
25,5090
26,5125
27,5174
28,5045
29,5082
30,5211
31,5082
32,5121
33,5162
34,5121
35,5072
36,5113
37,4986
38,5035
39,5086
40,4961
41,4920
42,4869
43,4820
44,4861
45,4910
46,4953
47,5004
48,5049
49,5004
50,5049
51,5174
52,5049
53,5102
54,5049
55,5174
56,5123
57,5250
58,5379
59,5334
60,5285
61,5242
62,5195
63,5066
64,5109
65,5066
66,4939
67,4986
68,5029
69,5074
70,5027
71,4982
72,5109
73,4982
74,4857
75,4982
76,5029
77,5074
78,5027
79,5074
80,4949
81,4904
82,4857
83,4982
84,5027
85,5074
86,4949
87,4996
88,4873
89,4996
90,4949
91,4998
92,4875
93,4826
94,4875
95,4998
96,5049
97,5102
98,5157
99,5214
0,5273
1,5214
2,5169
3,5294
4,5169
5,5112
6,5237
7,5282
8,5157
9,5214
10,5157
11,5204
12,5329
13,5282
14,5339
15,5386
16,5445
17,5386
18,5339
19,5214
20,5091
21,5214
22,5261
23,5214
24,5339
25,5282
26,5339
27,5282
28,5237
29,5194
30,5139
31,5098
32,4973
33,4934
34,4989
35,5046
36,5171
37,5210
38,5171
39,5046
40,5085
41,5144
42,5205
43,5144
44,5105
45,5144
46,5205
47,5166
48,5129
49,5094
50,5129
51,5166
52,5229
53,5354
54,5481
55,5444
56,5409
57,5444
58,5381
59,5444
60,5481
61,5610
62,5481
63,5520
64,5457
65,5330
66,5457
67,5520
68,5561
69,5520
70,5393
71,5434
72,5393
73,5458
74,5585
75,5652
76,5525
77,5458
78,5499
79,5626
80,5585
81,5546
82,5585
83,5714
84,5649
85,5520
86,5649
87,5780
88,5741
89,5806
90,5845
91,5714
92,5755
93,5822
94,5781
95,5652
96,5693
97,5566
98,5609
99,5678
0,5749
1,5876
2,6005
3,6136
4,6065
5,5996
6,5953
7,5822
8,5865
9,5910
10,6041
11,6088
12,5957
13,5890
14,5957
15,5910
16,5843
17,5778
18,5733
19,5778
20,5649
21,5696
22,5649
23,5586
24,5633
25,5586
26,5525
27,5466
28,5595
29,5466
30,5513
31,5642
32,5595
33,5642
34,5513
35,5572
36,5701
37,5642
38,5691
39,5642
40,5773
41,5726
42,5669
43,5614
44,5561
45,5614
46,5747
47,5882
48,5829
49,5966
50,5829
51,5882
52,5747
53,5614
54,5661
55,5716
56,5849
57,5906
58,5773
59,5822
60,5881
61,5750
62,5801
63,5750
64,5811
65,5750
66,5621
67,5562
68,5691
69,5750
70,5691
71,5742
72,5685
73,5630
74,5579
75,5630
76,5579
77,5634
78,5505
79,5634
80,5585
81,5538
82,5409
83,5538
84,5585
85,5530
86,5477
87,5530
88,5585
89,5634
90,5505
91,5456
92,5505
93,5378
94,5435
95,5378
96,5429
97,5304
98,5357
99,5414
0,5361
1,5310
2,5253
3,5304
4,5429
5,5378
6,5323
7,5374
8,5249
9,5198
10,5249
11,5196
12,5249
13,5374
14,5501
15,5374
16,5249
17,5126
18,5179
19,5126
20,5075
21,5022
22,4973
23,4926
24,4881
25,5004
26,4961
27,4920
28,4973
29,5014
30,5069
31,5028
32,4973
33,4934
34,4881
35,5006
36,4969
37,5096
38,5225
39,5190
40,5225
41,5190
42,5321
43,5454
44,5403
45,5354
46,5221
47,5354
48,5489
49,5456
50,5409
51,5378
52,5425
53,5378
54,5425
55,5562
56,5515
57,5546
58,5409
59,5456
60,5321
61,5290
62,5261
63,5234
64,5283
65,5234
66,5209
67,5234
68,5209
69,5076
70,5053
71,5032
72,5165
73,5032
74,5081
75,5102
76,4971
77,4922
78,4901
79,4950
80,4931
81,4882
82,4753
83,4802
84,4785
85,4836
86,4965
87,4950
88,5081
89,4950
90,5003
91,4990
92,4937
93,4886
94,4757
95,4630
96,4619
97,4610
98,4561
99,4688
0,4817
1,4866
2,4917
3,4926
4,5057
5,4926
6,4875
7,4886
8,5017
9,4968
10,4957
11,4826
12,4817
13,4866
14,4737
15,4610
16,4603
17,4654
18,4661
19,4536
20,4413
21,4362
22,4241
23,4122
24,4073
25,3956
26,3965
27,3850
28,3841
29,3890
30,3899
31,3850
32,3803
33,3918
34,3929
35,3814
36,3929
37,4046
38,4035
39,4026
40,3981
41,3864
42,3909
43,3902
44,3897
45,4014
46,3897
47,3944
48,3897
49,3852
50,3857
51,3852
52,3969
53,3974
54,3931
55,3814
56,3809
57,3814
58,3821
59,3864
60,3857
61,3814
62,3773
63,3768
64,3765
65,3806
66,3691
67,3578
68,3691
69,3806
70,3765
71,3806
72,3691
73,3806
74,3923
75,3882
76,3923
77,3922
78,3881
79,4000
80,4121
81,4244
82,4121
83,4122
84,4125
85,4248
86,4245
87,4286
88,4411
89,4370
90,4411
91,4454
92,4457
93,4332
94,4377
95,4254
96,4251
97,4374
98,4329
99,4332
0,4457
1,4584
2,4541
3,4500
4,4541
5,4670
6,4667
7,4798
8,4801
9,4806
10,4813
11,4772
12,4641
13,4682
14,4691
15,4682
16,4553
17,4682
18,4553
19,4596
20,4725
21,4596
22,4605
23,4734
24,4745
25,4734
26,4691
27,4650
28,4691
29,4702
30,4691
31,4562
32,4605
33,4734
34,4779
35,4910
36,4901
37,4894
38,4889
39,4894
40,4941
41,4810
42,4817
43,4866
44,4817
45,4866
46,4917
47,4910
48,4859
49,4854
50,4985
51,5036
52,5033
53,5166
54,5165
55,5300
56,5249
57,5386
58,5525
59,5666
60,5617
61,5666
62,5617
63,5666
64,5525
65,5576
66,5629
67,5770
68,5825
69,5826
70,5771
71,5718
72,5667
73,5718
74,5667
75,5666
76,5617
77,5618
78,5621
79,5618
80,5621
81,5480
82,5477
83,5338
84,5387
85,5386
86,5525
87,5666
88,5809
89,5666
90,5717
91,5718
92,5861
93,5810
94,5667
95,5526
96,5667
97,5810
98,5809
99,5810
0,5761
1,5760
2,5905
3,5858
4,5813
5,5858
6,5905
7,6052
8,6201
9,6202
10,6155
11,6306
12,6459
13,6506
14,6505
15,6458
16,6459
17,6306
18,6459
19,6458
20,6305
21,6352
22,6353
23,6506
24,6661
25,6506
26,6661
27,6664
28,6617
29,6664
30,6821
31,6774
32,6933
33,6888
34,6885
35,6726
36,6725
37,6770
38,6725
39,6884
40,6725
41,6682
42,6641
43,6484
44,6641
45,6602
46,6445
47,6446
48,6291
49,6138
50,6137
51,6176
52,6177
53,6330
54,6333
55,6488
56,6645
57,6686
58,6729
59,6734
60,6893
61,6888
62,6933
63,7094
64,7141
65,7138
66,7141
67,6980
68,6933
69,6888
70,7049
71,7094
72,6933
73,7094
74,7141
75,7094
76,7141
77,7304
78,7257
79,7212
80,7209
81,7166
82,7003
83,6962
84,7125
85,7086
86,6923
87,6926
88,6889
89,6854
90,7017
91,6984
92,7149
93,7154
94,7321
95,7290
96,7321
97,7490
98,7661
99,7656
0,7625
1,7622
2,7593
3,7622
4,7795
5,7798
6,7795
7,7622
8,7653
9,7656
10,7689
11,7686
12,7721
13,7894
14,7859
15,7826
16,8001
17,8034
18,8001
19,7970
20,8147
21,7970
22,7795
23,7826
24,8001
25,7970
26,7795
27,7798
28,7803
29,7798
30,7795
31,7798
32,7625
33,7656
34,7689
35,7518
36,7553
37,7384
38,7553
39,7518
40,7349
41,7384
42,7389
43,7426
44,7259
45,7266
46,7305
47,7346
48,7305
49,7472
50,7465
51,7506
52,7549
53,7594
54,7763
55,7594
56,7763
57,7770
58,7817
59,7826
60,7779
61,7734
62,7779
63,7950
64,7941
65,7988
66,8161
67,8154
68,8161
69,8154
70,8161
71,8154
72,8107
73,8154
74,8329
75,8282
76,8289
77,8244
78,8253
79,8210
80,8201
81,8378
82,8557
83,8738
84,8557
85,8566
86,8387
87,8398
88,8221
89,8264
90,8441
91,8398
92,8577
93,8398
94,8357
95,8318
96,8141
97,7966
98,7979
99,7966
0,7929
1,7966
2,7979
3,8018
4,7979
5,7994
6,7979
7,7806
8,7979
9,7942
10,7907
11,8082
12,8097
13,8274
14,8259
15,8294
16,8309
17,8346
18,8331
19,8294
20,8309
21,8274
22,8309
23,8488
24,8453
25,8488
26,8505
27,8686
28,8705
29,8742
30,8723
31,8742
32,8925
33,8964
34,8985
35,9008
36,8985
37,8946
38,8909
39,8874
40,8909
41,8874
42,9059
43,9082
44,8897
45,8932
46,8749
47,8568
48,8593
49,8414
50,8237
51,8414
52,8237
53,8274
54,8099
55,8062
56,7889
57,7926
58,7953
59,7916
60,7745
61,7718
62,7755
63,7586
64,7625
65,7666
66,7693
67,7526
68,7361
69,7334
70,7171
71,7010
72,7053
73,7098
74,7145
75,7098
76,6939
77,6894
78,7053
79,7214
80,7259
81,7214
82,7171
83,7334
84,7499
85,7334
86,7361
87,7320
88,7281
89,7118
90,7281
91,7320
92,7293
93,7320
94,7361
95,7404
96,7241
97,7214
98,7259
99,7214
0,7053
1,7214
2,7171
3,7214
4,7171
5,7198
6,7361
7,7404
8,7361
9,7320
10,7349
11,7380
12,7413
13,7454
14,7291
15,7454
16,7489
17,7448
18,7489
19,7454
20,7619
21,7662
22,7629
23,7662
24,7629
25,7586
26,7629
27,7464
28,7629
29,7674
30,7841
31,8010
32,8181
33,8150
34,8323
35,8294
36,8121
37,8168
38,8341
39,8390
40,8217
41,8046
42,7877
43,7850
44,7901
45,7954
46,7787
47,7814
48,7843
49,7678
50,7649
51,7814
52,7649
53,7622
54,7649
55,7678
56,7733
57,7570
58,7733
59,7678
60,7843
61,7898
62,7843
63,7898
64,7955
65,8122
66,8181
67,8122
68,8181
69,8014
70,7849
71,7880
72,7913
73,7750
74,7913
75,7750
76,7691
77,7530
78,7497
79,7658
80,7717
81,7556
82,7525
83,7496
84,7657
85,7496
86,7337
87,7310
88,7251
89,7410
90,7571
91,7410
92,7469
93,7410
94,7251
95,7194
96,7353
97,7298
98,7459
99,7434
0,7411
1,7358
2,7521
3,7470
4,7307
5,7146
6,6987
7,7010
8,6961
9,6914
10,6757
11,6734
12,6713
13,6558
14,6513
15,6470
16,6317
17,6166
18,6017
19,5976
20,5997
21,6020
22,6045
23,6072
24,6101
25,5954
26,6101
27,6062
28,5915
29,5770
30,5741
31,5770
32,5627
33,5666
34,5637
35,5678
36,5537
37,5678
38,5651
39,5694
40,5739
41,5694
42,5553
43,5694
44,5721
45,5766
46,5795
47,5842
48,5891
49,5922
50,5973
51,5942
52,5995
53,5942
54,5995
55,6026
56,6081
57,6114
58,5973
59,6114
60,5973
61,5940
62,6081
63,5940
64,5909
65,5854
66,5825
67,5686
68,5549
69,5522
70,5469
71,5444
72,5309
73,5258
74,5393
75,5344
76,5297
77,5322
78,5277
79,5234
80,5193
81,5330
82,5371
83,5414
84,5371
85,5346
86,5485
87,5444
88,5421
89,5444
90,5485
91,5510
92,5537
93,5566
94,5427
95,5458
96,5597
97,5556
98,5589
99,5556
0,5589
1,5556
2,5589
3,5624
4,5665
5,5526
6,5665
7,5708
8,5745
9,5606
10,5563
11,5522
12,5563
13,5602
14,5465
15,5424
16,5465
17,5426
18,5385
19,5348
20,5213
21,5178
22,5045
23,5012
24,5053
25,5022
26,5155
27,5290
28,5333
29,5378
30,5425
31,5378
32,5333
33,5290
34,5321
35,5354
36,5491
37,5450
38,5491
39,5534
40,5491
41,5458
42,5417
43,5378
44,5411
45,5550
46,5589
47,5556
48,5589
49,5624
50,5661
51,5522
52,5561
53,5602
54,5643
55,5686
56,5549
57,5594
58,5731
59,5774
60,5819
61,5774
62,5729
63,5774
64,5821
65,5774
66,5731
67,5778
68,5827
69,5870
70,5821
71,5960
72,5913
73,5958
74,6099
75,6054
76,6099
77,6054
78,6099
79,6242
80,6197
81,6054
82,6011
83,5966
84,6009
85,6152
86,6297
87,6444
88,6489
89,6446
90,6299
91,6346
92,6389
93,6244
94,6101
95,6150
96,6101
97,6146
98,6193
99,6242
0,6101
1,6054
2,6105
3,6158
4,6205
5,6152
6,6101
7,6054
8,6195
9,6242
10,6385
11,6336
12,6193
13,6242
14,6101
15,6152
16,6205
17,6254
18,6309
19,6366
20,6507
21,6558
22,6611
23,6754
24,6697
25,6644
26,6593
27,6538
28,6489
29,6544
30,6401
31,6354
32,6299
33,6346
34,6205
35,6066
36,6205
37,6066
38,5929
39,5876
40,5929
41,5978
42,6029
43,6084
44,6137
45,6002
46,5947
47,5894
48,5761
49,5814
50,5869
51,5738
52,5795
53,5850
54,5907
55,5850
56,5721
57,5594
58,5537
59,5412
60,5289
61,5412
62,5537
63,5482
64,5427
65,5374
66,5321
67,5196
68,5249
69,5304
70,5357
71,5302
72,5179
73,5126
74,5075
75,5022
76,5073
77,5126
78,5005
79,5058
80,5179
81,5126
82,5249
83,5196
84,5145
85,5096
86,5045
87,5096
88,4973
89,5022
90,4971
91,5022
92,5073
93,4952
94,4833
95,4716
96,4601
97,4550
98,4499
99,4614
0,4731
1,4782
2,4901
3,4952
4,4833
5,4716
6,4769
7,4654
8,4769
9,4824
10,4769
11,4718
12,4773
13,4658
14,4709
15,4654
16,4707
17,4762
18,4877
19,4824
20,4941
21,4998
22,4881
23,4940
24,4993
25,5110
26,5171
27,5290
28,5237
29,5118
30,5171
31,5054
32,4939
33,5002
34,5117
35,5054
36,4993
37,4878
38,4825
39,4774
40,4835
41,4774
42,4661
43,4602
44,4715
45,4766
46,4715
47,4666
48,4553
49,4612
50,4725
51,4666
52,4715
53,4766
54,4709
55,4654
56,4709
57,4658
58,4715
59,4830
60,4889
61,4840
62,4901
63,5018
64,5067
65,4950
66,5067
67,4950
68,4835
69,4786
70,4673
71,4612
72,4565
73,4612
74,4725
75,4612
76,4661
77,4612
78,4725
79,4774
80,4661
81,4550
82,4491
83,4442
84,4395
85,4286
86,4179
87,4238
88,4299
89,4254
90,4317
91,4212
92,4109
93,4212
94,4257
95,4304
96,4353
97,4290
98,4187
99,4250
0,4353
1,4458
2,4523
3,4418
4,4485
5,4590
6,4641
7,4694
8,4627
9,4682
10,4739
11,4674
12,4733
13,4628
14,4693
15,4760
16,4829
17,4760
18,4701
19,4634
20,4577
21,4682
22,4739
23,4634
24,4739
25,4682
26,4739
27,4634
28,4569
29,4466
30,4409
31,4466
32,4409
33,4474
34,4541
35,4644
36,4701
37,4634
38,4577
39,4512
40,4617
41,4512
42,4577
43,4474
44,4419
45,4474
46,4577
47,4522
48,4457
49,4394
50,4291
51,4394
52,4457
53,4354
54,4409
55,4512
56,4569
57,4512
58,4409
59,4354
60,4409
61,4346
62,4449
63,4394
64,4457
65,4512
66,4617
67,4724
68,4789
69,4682
70,4739
71,4674
72,4733
73,4794
74,4901
75,4964
76,4857
77,4922
78,4817
79,4882
80,4779
81,4846
82,4913
83,4812
84,4881
85,4950
86,4881
87,4812
88,4881
89,4814
90,4715
91,4650
92,4715
93,4646
94,4713
95,4646
96,4581
97,4484
98,4553
99,4484
0,4549
1,4618
2,4523
3,4454
4,4521
5,4454
6,4387
7,4322
8,4417
9,4354
10,4417
11,4484
12,4417
13,4352
14,4289
15,4228
16,4325
17,4262
18,4325
19,4228
20,4289
21,4226
22,4289
23,4194
24,4259
25,4198
26,4259
27,4194
28,4131
29,4194
30,4259
31,4326
32,4389
33,4484
34,4421
35,4518
36,4587
37,4686
38,4617
39,4550
40,4651
41,4718
42,4781
43,4850
44,4749
45,4820
46,4885
47,4786
48,4853
49,4952
50,5021
51,5094
52,5195
53,5122
54,5051
55,5122
56,5195
57,5298
58,5195
59,5126
60,5025
61,4952
62,5053
63,4986
64,4921
65,4850
66,4749
67,4686
68,4757
69,4658
70,4561
71,4500
72,4573
73,4634
74,4539
75,4446
76,4521
77,4614
78,4553
79,4614
80,4553
81,4478
82,4539
83,4614
84,4691
85,4614
86,4709
87,4614
88,4709
89,4648
90,4725
91,4630
92,4725
93,4648
94,4573
95,4478
96,4553
97,4648
98,4745
99,4806
0,4905
1,4830
2,4731
3,4658
4,4721
5,4624
6,4529
7,4624
8,4529
9,4602
10,4539
11,4614
12,4709
13,4786
14,4865
15,4804
16,4725
17,4786
18,4709
19,4786
20,4709
21,4806
22,4731
23,4806
24,4869
25,4794
26,4721
27,4658
28,4731
29,4670
30,4611
31,4538
32,4597
33,4526
34,4457
35,4556
36,4617
37,4518
38,4581
39,4650
40,4587
41,4686
42,4617
43,4680
44,4613
45,4678
46,4613
47,4514
48,4613
49,4680
50,4749
51,4650
52,4553
53,4650
54,4553
55,4650
56,4581
57,4650
58,4749
59,4820
60,4921
61,5024
62,4921
63,4850
64,4953
65,4890
66,4995
67,5102
68,5165
69,5102
70,5033
71,4926
72,4865
73,4806
74,4865
75,4760
76,4821
77,4718
78,4617
79,4518
80,4587
81,4526
82,4457
83,4360
84,4429
85,4490
86,4587
87,4518
88,4587
89,4650
90,4721
91,4658
92,4561
93,4490
94,4587
95,4658
96,4561
97,4466
98,4395
99,4302
0,4373
1,4312
2,4221
3,4312
4,4385
5,4446
6,4509
7,4446
8,4539
9,4446
10,4385
11,4446
12,4355
13,4294
14,4221
15,4150
16,4211
17,4142
18,4075
19,4142
20,4081
21,4172
22,4105
23,4040
24,3949
25,4014
26,3955
27,3890
28,3949
29,3886
30,3797
31,3710
32,3771
33,3834
34,3899
35,3962
36,4027
37,4094
38,4161
39,4230
40,4161
41,4094
42,4161
43,4230
44,4163
45,4098
46,4163
47,4234
48,4307
49,4394
50,4461
51,4536
52,4625
53,4536
54,4461
55,4388
56,4301
57,4374
58,4461
59,4388
60,4461
61,4394
62,4483
63,4394
64,4321
65,4256
66,4169
67,4084
68,4149
69,4222
70,4307
71,4382
72,4297
73,4382
74,4469
75,4382
76,4469
77,4404
78,4469
79,4558
80,4493
81,4418
82,4345
83,4274
84,4345
85,4282
86,4345
87,4274
88,4345
89,4282
90,4355
91,4446
92,4355
93,4266
94,4193
95,4132
96,4061
97,4150
98,4221
99,4132
0,4205
1,4132
2,4221
3,4150
4,4081
5,4022
6,4081
7,4022
8,4091
9,4022
10,3965
11,3876
12,3965
13,4034
14,4125
15,4034
16,3945
17,4002
18,3915
19,3974
20,4045
21,4106
22,4193
23,4266
24,4329
25,4266
26,4193
27,4106
28,4169
29,4234
30,4163
31,4098
32,4163
33,4230
34,4163
35,4078
36,4145
37,4078
38,4145
39,4062
40,3981
41,3914
42,3985
43,4058
44,3985
45,4058
46,4139
47,4074
48,3993
49,3920
50,3849
51,3930
52,3861
53,3926
54,3993
55,4062
56,4145
57,4216
58,4149
59,4078
60,4163
61,4078
62,4145
63,4216
64,4289
65,4222
66,4157
67,4222
68,4297
69,4374
70,4297
71,4382
72,4317
73,4254
74,4341
75,4280
76,4369
77,4294
78,4221
79,4312
80,4385
81,4312
82,4241
83,4334
84,4265
85,4172
86,4241
87,4312
88,4221
89,4162
90,4091
91,4034
92,3965
93,3876
94,3809
95,3754
96,3667
97,3602
98,3667
99,3722
0,3657
1,3722
2,3667
3,3754
4,3809
5,3898
6,3965
7,4034
8,4091
9,4162
10,4105
11,4034
12,4125
13,4056
14,3989
15,3898
16,3965
17,4056
18,4149
19,4094
20,4149
21,4244
22,4313
23,4410
24,4355
25,4410
26,4313
27,4384
28,4441
29,4384
30,4313
31,4370
32,4467
33,4410
34,4313
35,4384
36,4289
37,4346
38,4419
39,4362
40,4457
41,4532
42,4629
43,4574
44,4521
45,4424
46,4349
47,4298
48,4395
49,4470
50,4421
51,4470
52,4421
53,4470
54,4421
55,4498
56,4547
57,4470
58,4521
59,4424
60,4349
61,4298
62,4395
63,4322
64,4251
65,4202
66,4251
67,4302
68,4355
69,4426
70,4525
71,4626
72,4573
73,4646
74,4545
75,4472
76,4421
77,4372
78,4445
79,4520
80,4569
81,4520
82,4473
83,4550
84,4629
85,4710
86,4811
87,4766
88,4685
89,4642
90,4563
91,4666
92,4589
93,4632
94,4677
95,4782
96,4737
97,4844
98,4921
99,4814
0,4709
1,4754
2,4709
3,4606
4,4685
5,4606
6,4651
7,4606
8,4709
9,4754
10,4801
11,4906
12,4859
13,4938
14,4985
15,5092
16,5173
17,5282
18,5393
19,5442
20,5555
21,5638
22,5689
23,5576
24,5629
25,5714
26,5661
27,5550
28,5637
29,5748
30,5637
31,5726
32,5817
33,5726
34,5617
35,5566
36,5517
37,5428
38,5537
39,5586
40,5697
41,5586
42,5537
43,5586
44,5499
45,5450
46,5403
47,5490
48,5537
49,5428
50,5477
51,5390
52,5283
53,5390
54,5441
55,5550
56,5603
57,5550
58,5499
59,5450
60,5499
61,5550
62,5661
63,5714
64,5827
65,5774
66,5827
67,5742
68,5689
69,5576
70,5465
71,5382
72,5465
73,5550
74,5637
75,5726
76,5675
77,5586
78,5697
79,5810
80,5761
81,5850
82,5761
83,5674
84,5789
85,5742
86,5789
87,5906
88,5789
89,5742
90,5789
91,5742
92,5627
93,5674
94,5627
95,5714
96,5601
97,5648
98,5761
99,5648
0,5601
1,5514
2,5429
3,5346
4,5301
5,5384
6,5469
7,5582
8,5539
9,5454
10,5569
11,5486
12,5529
13,5574
14,5621
15,5506
16,5459
17,5378
18,5299
19,5378
20,5299
21,5222
22,5269
23,5222
24,5147
25,5262
26,5217
27,5174
28,5291
29,5218
30,5291
31,5250
32,5291
33,5410
34,5337
35,5266
36,5197
37,5130
38,5065
39,5186
40,5065
41,5002
42,4883
43,4946
44,4989
45,4926
46,4865
47,4910
48,4971
49,4910
50,4851
51,4910
52,4865
53,4910
54,5029
55,5076
56,5197
57,5320
58,5381
59,5444
60,5493
61,5544
62,5493
63,5544
64,5481
65,5420
66,5297
67,5238
68,5187
69,5310
70,5361
71,5238
72,5361
73,5304
74,5429
75,5482
76,5609
77,5664
78,5609
79,5666
80,5609
81,5666
82,5609
83,5738
84,5793
85,5850
86,5907
87,5966
88,6027
89,5966
90,6025
91,6156
92,6025
93,6086
94,6025
95,6086
96,5957
97,6020
98,6081
99,6146
0,6213
1,6342
2,6473
3,6542
4,6675
5,6738
6,6605
7,6536
8,6405
9,6276
10,6341
11,6410
12,6481
13,6610
14,6677
15,6750
16,6621
17,6690
18,6617
19,6690
20,6819
21,6690
22,6621
23,6494
24,6569
25,6646
26,6715
27,6646
28,6521
29,6454
30,6377
31,6312
32,6237
33,6362
34,6489
35,6426
36,6489
37,6426
38,6299
39,6174
40,6299
41,6174
42,6051
43,6114
44,6189
45,6068
46,6133
47,6068
48,5949
49,5874
50,5993
51,6068
52,6133
53,6254
54,6377
55,6302
56,6179
57,6114
58,6189
59,6266
60,6145
61,6082
62,6145
63,6082
64,6161
65,6282
66,6345
67,6410
68,6345
69,6410
70,6331
71,6210
72,6331
73,6410
74,6289
75,6410
76,6533
77,6454
78,6533
79,6600
80,6669
81,6740
82,6661
83,6740
84,6821
85,6904
86,7029
87,7156
88,7029
89,7156
90,7285
91,7214
92,7299
93,7386
94,7257
95,7328
96,7201
97,7114
98,7029
99,6958
0,6875
1,6958
2,6833
3,6958
4,6889
5,6764
6,6697
7,6614
8,6681
9,6558
10,6627
11,6698
12,6627
13,6546
14,6627
15,6546
16,6617
17,6740
18,6617
19,6740
20,6813
21,6734
22,6611
23,6690
24,6813
25,6938
26,6865
27,6786
28,6859
29,6782
30,6857
31,6782
32,6709
33,6584
34,6657
35,6734
36,6661
37,6740
38,6617
39,6496
40,6417
41,6340
42,6413
43,6488
44,6369
45,6488
46,6609
47,6534
48,6461
49,6534
50,6413
51,6338
52,6219
53,6146
54,6075
55,6006
56,6125
57,6006
58,6081
59,6150
60,6033
61,5964
62,6081
63,6014
64,5897
65,6014
66,6091
67,6026
68,5949
69,6014
70,5949
71,5874
72,5757
73,5684
74,5757
75,5684
76,5569
77,5506
78,5445
79,5518
80,5593
81,5654
82,5717
83,5782
84,5717
85,5782
86,5717
87,5794
88,5717
89,5794
90,5731
91,5670
92,5785
93,5902
94,5785
95,5864
96,5981
97,6042
98,5981
99,5864
0,5945
1,6006
2,6089
3,6206
4,6089
5,6206
6,6145
7,6230
8,6349
9,6230
10,6113
11,5998
12,5885
13,5972
14,5913
15,5856
16,5913
17,5802
18,5745
19,5636
20,5693
21,5752
22,5645
23,5586
24,5693
25,5636
26,5725
27,5834
28,5891
29,5834
30,5891
31,6002
32,6061
33,6152
34,6041
35,6102
36,6213
37,6122
38,6185
39,6276
40,6185
41,6250
42,6139
43,6030
44,6097
45,5990
46,5923
47,5834
48,5769
49,5682
50,5747
51,5834
52,5747
53,5854
54,5941
55,6030
56,6097
57,6188
58,6121
59,6014
60,5949
61,5886
62,5795
63,5902
64,5813
65,5876
66,5965
67,5858
68,5949
69,5844
70,5741
71,5640
72,5741
73,5678
74,5781
75,5720
76,5813
77,5918
78,5825
79,5932
80,5873
81,5982
82,6075
83,5982
84,5873
85,5766
86,5709
87,5604
88,5549
89,5458
90,5369
91,5458
92,5355
93,5458
94,5513
95,5604
96,5549
97,5604
98,5697
99,5604
0,5501
1,5410
2,5501
3,5400
4,5501
5,5400
6,5493
7,5594
8,5689
9,5746
10,5805
11,5710
12,5617
13,5516
14,5577
15,5678
16,5781
17,5886
18,5795
19,5690
20,5795
21,5886
22,5979
23,6042
24,6107
25,6174
26,6081
27,6150
28,6257
29,6150
30,6045
31,5954
32,6025
33,5922
34,6013
35,6106
36,6013
37,6106
38,6035
39,5934
40,6029
41,6130
42,6233
43,6138
44,6243
45,6314
46,6409
47,6304
48,6201
49,6274
50,6173
51,6270
52,6369
53,6270
54,6197
55,6296
56,6397
57,6470
58,6397
59,6500
60,6601
61,6706
62,6601
63,6500
64,6605
65,6506
66,6435
67,6506
68,6605
69,6706
70,6601
71,6500
72,6573
73,6648
74,6725
75,6622
76,6545
77,6646
78,6545
79,6444
80,6521
81,6422
82,6325
83,6404
84,6485
85,6586
86,6683
87,6766
88,6683
89,6786
90,6683
91,6582
92,6483
93,6402
94,6483
95,6386
96,6291
97,6390
98,6297
99,6206
0,6307
1,6398
2,6491
3,6574
4,6481
5,6380
6,6465
7,6380
8,6289
9,6374
10,6285
11,6200
12,6113
13,6028
14,5945
15,6046
16,5963
17,5882
18,5801
19,5882
20,5965
21,5864
22,5785
23,5886
24,5809
25,5726
26,5651
27,5578
28,5507
29,5590
30,5675
31,5762
32,5833
33,5762
34,5865
35,5954
36,5865
37,5936
38,5849
39,5936
40,6041
41,6130
42,6203
43,6098
44,6173
45,6098
46,6203
47,6294
48,6189
49,6294
50,6189
51,6098
52,5995
53,5922
54,5821
55,5722
56,5633
57,5732
58,5661
59,5562
60,5661
61,5574
62,5505
63,5438
64,5539
65,5606
66,5675
67,5574
68,5661
69,5574
70,5475
71,5390
72,5293
73,5378
74,5283
75,5214
76,5121
77,5214
78,5309
79,5214
80,5129
81,5214
82,5309
83,5378
84,5475
85,5562
86,5465
87,5554
88,5651
89,5582
90,5681
91,5582
92,5493
93,5582
94,5651
95,5562
96,5465
97,5562
98,5651
99,5562
0,5475
1,5574
2,5661
3,5574
4,5475
5,5378
6,5449
7,5378
8,5475
9,5406
10,5339
11,5242
12,5309
13,5224
14,5129
15,5046
16,5115
17,5186
18,5093
19,5176
20,5085
21,5176
22,5085
23,4996
24,4909
25,4996
26,4909
27,4824
28,4741
29,4814
30,4733
31,4814
32,4897
33,4824
34,4909
35,4982
36,5069
37,5158
38,5233
39,5310
40,5227
41,5306
42,5225
43,5306
44,5225
45,5316
46,5225
47,5306
48,5389
49,5474
50,5561
51,5474
52,5565
53,5480
54,5561
55,5480
56,5397
57,5490
58,5573
59,5494
60,5573
61,5668
62,5585
63,5682
64,5585
65,5506
66,5425
67,5504
68,5409
69,5316
70,5237
71,5158
72,5081
73,5158
74,5081
75,5004
76,5097
77,5192
78,5269
79,5366
80,5465
81,5388
82,5465
83,5390
84,5465
85,5390
86,5291
87,5390
88,5491
89,5566
90,5669
91,5774
92,5853
93,5930
94,6037
95,5960
96,5881
97,5806
98,5881
99,5774
0,5853
1,5748
2,5673
3,5778
4,5885
5,5960
6,6069
7,6150
8,6075
9,6186
10,6105
11,6186
12,6299
13,6226
14,6341
15,6226
16,6309
17,6424
18,6497
19,6582
20,6509
21,6582
22,6699
23,6818
24,6733
25,6614
26,6689
27,6774
28,6657
29,6744
30,6821
31,6706
32,6593
33,6516
34,6429
35,6506
36,6429
37,6542
38,6629
39,6554
40,6481
41,6554
42,6467
43,6382
44,6299
45,6218
46,6333
47,6254
48,6329
49,6408
50,6489
51,6374
52,6451
53,6370
54,6291
55,6370
56,6485
57,6564
58,6681
59,6800
60,6721
61,6642
62,6565
63,6642
64,6763
65,6642
66,6721
67,6602
68,6681
69,6602
70,6525
71,6644
72,6765
73,6690
74,6771
75,6846
76,6969
77,7094
78,7013
79,7140
80,7013
81,6888
82,6765
83,6888
84,6809
85,6886
86,7011
87,7090
88,7217
89,7296
90,7217
91,7140
92,7217
93,7138
94,7267
95,7346
96,7269
97,7346
98,7217
99,7346
0,7427
1,7350
2,7427
3,7298
4,7377
5,7460
6,7589
7,7720
8,7641
9,7720
10,7589
11,7510
12,7641
13,7774
14,7859
15,7938
16,8025
17,7946
18,7859
19,7726
20,7805
21,7720
22,7801
23,7934
24,8019
25,7934
26,7801
27,7884
28,8017
29,8102
30,8019
31,7886
32,7969
33,8056
34,7973
35,8106
36,8025
37,7938
38,7853
39,7720
40,7801
41,7718
42,7637
43,7556
44,7689
45,7556
46,7477
47,7610
48,7691
49,7774
50,7859
51,7946
52,8081
53,8004
54,8141
55,8066
56,7979
57,8118
58,8193
59,8054
60,7969
61,7832
62,7917
63,7832
64,7757
65,7832
66,7697
67,7782
68,7649
69,7564
70,7649
71,7736
72,7605
73,7530
74,7661
75,7530
76,7661
77,7736
78,7649
79,7574
80,7661
81,7794
82,7721
83,7634
84,7721
85,7794
86,7869
87,7782
88,7869
89,7794
90,7721
91,7634
92,7769
93,7634
94,7501
95,7430
96,7517
97,7430
98,7299
99,7214
