nBlocks,directCall,discreteCall,directCallErr,discreteCallErr,directPut,discretePut,directPutErr,discretePutErr
0,15.9125,14.7442,0,0,5.61667,5.51861,0,0
1,14.406,15.3376,1.50645,0.59341,5.31473,6.216,0.301941,0.697388
2,15.4324,15.0414,1.34535,0.452864,4.83726,5.60605,0.508296,0.730858
3,15.3744,14.4098,0.953074,0.708146,4.707,5.16205,0.382298,0.681331
4,14.7418,14.3464,0.972221,0.552175,4.78691,5.21179,0.306719,0.530095
5,14.659,14.3394,0.798127,0.450903,4.85139,5.4791,0.258604,0.508713
6,14.866,14.794,0.705594,0.593159,4.70001,5.35554,0.265867,0.447345
7,15.1307,15.1962,0.66594,0.652425,4.66712,5.20477,0.232584,0.415713
8,15.578,14.6276,0.738248,0.808936,4.63775,5.27116,0.207213,0.372587
9,15.6277,14.8212,0.662172,0.748996,4.64898,5.32794,0.185677,0.338054
10,15.5239,15.048,0.607877,0.714439,4.77607,5.3063,0.210622,0.306546
11,15.6748,15.2213,0.575056,0.674814,4.83438,5.41052,0.200916,0.298614
12,15.6565,15.2597,0.529292,0.621925,4.92391,5.42063,0.205362,0.274871
13,15.6687,15.2683,0.490181,0.575855,4.93733,5.34064,0.1906,0.266758
14,15.5301,15.6164,0.476899,0.639217,4.95745,5.27663,0.178577,0.256455
15,15.7101,15.3262,0.481018,0.66463,4.96896,5.40703,0.167439,0.273044
16,15.4724,15.284,0.510508,0.625737,5.03439,5.33449,0.170349,0.266541
17,15.3478,15.314,0.497193,0.590713,5.05797,5.35743,0.162329,0.252343
18,15.1949,15.1111,0.494508,0.594468,5.10229,5.37007,0.159815,0.239026
19,15.0867,15.0464,0.48145,0.567656,5.14707,5.34875,0.158089,0.22776
20,15.0367,15.0317,0.460674,0.540151,5.15973,5.37413,0.150904,0.218124
21,14.9021,15.0194,0.459393,0.51516,5.25285,5.40927,0.17139,0.21092
22,14.9789,15.116,0.445635,0.501647,5.23109,5.46542,0.165209,0.209216
23,14.9618,15.1318,0.427006,0.48055,5.25008,5.47097,0.159311,0.200386
24,14.9198,15.2276,0.41172,0.470786,5.30667,5.4204,0.162949,0.198745
25,14.8922,15.1646,0.396529,0.456695,5.31766,5.44963,0.156941,0.193171
26,14.8475,15.0913,0.384169,0.445518,5.34834,5.4267,0.154102,0.187287
27,14.8699,15.1755,0.37087,0.437491,5.36766,5.4947,0.149748,0.19286
28,14.8509,15.2724,0.358357,0.433113,5.37899,5.44463,0.144936,0.19271
29,14.7212,15.2503,0.369695,0.419011,5.33756,5.46273,0.146023,0.187053
30,14.763,15.3566,0.36,0.418977,5.32104,5.45987,0.142196,0.180941
31,14.8253,15.3055,0.354093,0.408877,5.29318,5.44027,0.140472,0.176289
32,14.7629,15.2432,0.348819,0.40116,5.31273,5.43686,0.137544,0.170897
33,14.6755,15.2845,0.349512,0.391374,5.32709,5.43406,0.134208,0.165818
34,14.719,15.2032,0.342161,0.388638,5.34409,5.4293,0.131421,0.161081
35,14.6532,15.1424,0.338966,0.382549,5.37372,5.44287,0.131111,0.15713
36,14.6441,15.2029,0.329805,0.376954,5.38683,5.44353,0.12819,0.152825
37,14.6049,15.171,0.32339,0.368287,5.41457,5.42385,0.127818,0.150045
38,14.5367,15.0788,0.322281,0.370374,5.46471,5.46993,0.134216,0.153237
39,14.5767,15.0055,0.316657,0.368355,5.48381,5.47748,0.132205,0.149548
40,14.5995,14.9807,0.309676,0.360112,5.47075,5.48103,0.129601,0.145898
41,14.6449,14.983,0.305601,0.35144,5.46505,5.45074,0.126606,0.145567
42,14.6071,15.0214,0.300787,0.345312,5.48694,5.46318,0.12555,0.142685
43,14.5954,15.1255,0.294104,0.353081,5.47155,5.41861,0.123624,0.146357
44,14.6192,15.0782,0.288478,0.348377,5.46272,5.44643,0.121168,0.145746
45,14.6107,15.028,0.282267,0.344397,5.46172,5.46748,0.118509,0.144089
46,14.6086,15.1009,0.276204,0.344787,5.47465,5.42062,0.116679,0.148574
47,14.5577,15.1215,0.275134,0.338157,5.4995,5.39082,0.116894,0.148468
48,14.5832,15.0663,0.270663,0.335763,5.4724,5.38525,0.117648,0.145513
49,14.6316,15.0508,0.269575,0.329344,5.47219,5.41144,0.115271,0.144957
50,14.6608,15.0523,0.265845,0.322825,5.47743,5.39925,0.11311,0.142608
51,14.6506,15.0835,0.260882,0.318092,5.52569,5.38258,0.120959,0.140829
52,14.6965,15.0574,0.260008,0.313121,5.53677,5.39841,0.119171,0.13905
53,14.757,15.0602,0.262203,0.30728,5.53314,5.41128,0.116999,0.137057
54,14.7834,15.066,0.258749,0.301697,5.5403,5.42197,0.115075,0.134966
55,14.8205,15.0696,0.256781,0.296282,5.54074,5.42829,0.113002,0.132684
56,14.76,15.1102,0.259388,0.293863,5.57488,5.43841,0.116132,0.130728
57,14.6937,15.1284,0.263362,0.289324,5.58527,5.44774,0.114584,0.128792
58,14.7493,15.201,0.264763,0.293498,5.58208,5.44943,0.112671,0.126602
59,14.7118,15.226,0.262998,0.289651,5.57932,5.45129,0.110811,0.124488
60,14.6958,15.1874,0.259146,0.287469,5.56887,5.43775,0.10948,0.123177
61,14.7065,15.177,0.255156,0.282985,5.55066,5.41813,0.109228,0.122752
62,14.6788,15.2452,0.252599,0.286689,5.55024,5.4314,0.107481,0.121515
63,14.6475,15.2127,0.250583,0.284047,5.55195,5.42144,0.105802,0.120015
64,14.7083,15.1855,0.25409,0.280963,5.52727,5.41504,0.107045,0.118328
65,14.6755,15.1674,0.252362,0.277265,5.53374,5.41801,0.105609,0.116559
66,14.7048,15.1909,0.250289,0.274105,5.51024,5.38896,0.106642,0.118423
67,14.7291,15.1928,0.247779,0.27005,5.50279,5.39492,0.105326,0.11682
68,14.7399,15.2448,0.244401,0.271154,5.49823,5.39272,0.103888,0.115135
69,14.7332,15.2737,0.240977,0.268804,5.50923,5.40361,0.102983,0.114
70,14.7771,15.3078,0.241575,0.267183,5.48693,5.39764,0.103944,0.112541
71,14.7737,15.309,0.23822,0.263449,5.49607,5.38553,0.102897,0.111626
72,14.7976,15.2904,0.236154,0.260479,5.50034,5.39679,0.101567,0.110661
73,14.7951,15.2589,0.232954,0.258857,5.50169,5.40856,0.100194,0.109787
74,14.788,15.2439,0.229939,0.255824,5.49725,5.41497,0.0989494,0.108503
75,14.7644,15.2505,0.228116,0.252524,5.5101,5.40417,0.0984805,0.107609
76,14.7505,15.2849,0.225563,0.251585,5.4986,5.40772,0.0978714,0.106261
77,14.7093,15.2776,0.226435,0.248448,5.50144,5.42986,0.0966504,0.107202
78,14.7284,15.2867,0.224372,0.245452,5.48394,5.44007,0.0970108,0.106328
79,14.7289,15.2828,0.22155,0.242395,5.47351,5.44306,0.0963566,0.105033
80,14.7596,15.3343,0.220935,0.244859,5.46212,5.4324,0.0958389,0.104275
81,14.7532,15.3328,0.218318,0.241859,5.46557,5.42199,0.0947257,0.10352
82,14.7271,15.3088,0.21724,0.240131,5.47781,5.43352,0.094375,0.102914
83,14.7082,15.2798,0.215471,0.239025,5.50253,5.42866,0.0964658,0.101798
84,14.7816,15.2798,0.225221,0.236196,5.47356,5.43475,0.0996303,0.100777
85,14.7563,15.2909,0.224019,0.2337,5.47699,5.42561,0.0985247,0.100016
86,14.7704,15.272,0.221874,0.231776,5.46508,5.43054,0.0981109,0.0989827
87,14.7599,15.2707,0.219586,0.22913,5.47677,5.42426,0.0976915,0.0980526
88,14.7227,15.2649,0.220266,0.226616,5.4677,5.41439,0.0970128,0.0974462
89,14.7044,15.3269,0.218578,0.232513,5.45799,5.40002,0.096419,0.0974221
90,14.6817,15.3177,0.217352,0.230129,5.45556,5.40355,0.0953843,0.09641
91,14.6671,15.2789,0.215471,0.230901,5.44733,5.40427,0.0947009,0.095359
92,14.666,15.2794,0.213144,0.228405,5.44921,5.41283,0.093696,0.0947164
93,14.6704,15.2465,0.210909,0.228341,5.45531,5.40767,0.0928945,0.0938454
94,14.6934,15.2347,0.209946,0.226233,5.45231,5.41516,0.0919603,0.0931539
95,14.7173,15.2443,0.209119,0.224069,5.45649,5.41183,0.0910932,0.0922385
96,14.7259,15.2449,0.207129,0.221748,5.44845,5.40391,0.0905073,0.0916258
97,14.7229,15.2139,0.205026,0.221646,5.46693,5.41998,0.0914647,0.0920993
98,14.7426,15.2015,0.203892,0.219747,5.46118,5.44962,0.0907184,0.0958595
99,14.7669,15.1936,0.203308,0.217683,5.44741,5.44461,0.0908553,0.0950282
100,14.7588,15.2054,0.201447,0.215838,5.44207,5.42469,0.0901097,0.0961673
101,14.7789,15.2013,0.200464,0.21375,5.43219,5.42717,0.089767,0.095252
102,14.7962,15.1781,0.199267,0.212928,5.42381,5.42175,0.0892853,0.0944777
103,14.7821,15.169,0.197849,0.211068,5.42027,5.42575,0.0884936,0.0936502
104,14.7524,15.1957,0.198196,0.210744,5.42,5.41623,0.0876472,0.0932416
105,14.7192,15.174,0.199103,0.209878,5.42316,5.41857,0.0868738,0.0923875
106,14.7009,15.1534,0.198074,0.208915,5.4417,5.42598,0.0880329,0.0918197
107,14.7034,15.1444,0.196246,0.207171,5.44171,5.42213,0.087214,0.0910471
108,14.7119,15.1397,0.194623,0.205314,5.4494,5.42674,0.0867513,0.0903254
109,14.7261,15.1276,0.193373,0.2038,5.4482,5.41808,0.0859674,0.089918
110,14.7343,15.1166,0.191797,0.202255,5.44615,5.42267,0.0852141,0.0892221
111,14.7374,15.1324,0.190102,0.201064,5.44716,5.42729,0.0844559,0.0885429
112,14.7424,15.0988,0.188477,0.202094,5.46551,5.43624,0.0856924,0.0882104
113,14.7105,15.0751,0.18951,0.201714,5.47617,5.4387,0.0856041,0.0874678
114,14.7269,15.0742,0.188571,0.199955,5.48002,5.4272,0.0849436,0.0874628
115,14.7481,15.085,0.188137,0.198518,5.4718,5.42896,0.084608,0.0867235
116,14.7237,15.0892,0.188116,0.196859,5.47516,5.43015,0.0839491,0.0859872
117,14.7011,15.0883,0.187882,0.195186,5.4753,5.42843,0.0832348,0.0852727
118,14.6924,15.0985,0.186497,0.193804,5.46712,5.43289,0.0829369,0.0846703
119,14.6753,15.085,0.185729,0.192654,5.46494,5.43219,0.0822715,0.0839647
120,14.6898,15.0748,0.184756,0.191326,5.45555,5.43452,0.0821282,0.0833005
121,14.7219,15.0573,0.186038,0.190555,5.44133,5.42952,0.0826845,0.0827662
122,14.7393,15.0639,0.185331,0.189114,5.43414,5.42528,0.0823239,0.0822
123,14.7544,15.0439,0.184451,0.188652,5.435,5.44122,0.0816619,0.0830782
124,14.743,15.0568,0.183322,0.187585,5.42643,5.43663,0.0814582,0.0825382
125,14.7508,15.071,0.182029,0.18663,5.42932,5.43964,0.0808608,0.0819359
126,14.7332,15.051,0.181447,0.186236,5.4303,5.44324,0.0802276,0.0813675
127,14.731,15.0645,0.180038,0.18527,5.4263,5.44448,0.0796985,0.0807389
128,14.7162,15.0422,0.179243,0.185178,5.43096,5.45165,0.0792152,0.0804304
129,14.7429,15.0298,0.179841,0.184166,5.43309,5.44465,0.0786325,0.0801157
130,14.7269,15.0119,0.179174,0.183625,5.43271,5.46199,0.0780308,0.0813714
131,14.7284,15.0046,0.177818,0.182374,5.43735,5.46515,0.0775759,0.0808144
132,14.7291,15.0348,0.176478,0.183502,5.43128,5.45939,0.0772289,0.0804114
133,14.7266,15.0037,0.175173,0.184771,5.42465,5.44876,0.076937,0.0805132
134,14.7223,14.9705,0.173925,0.186376,5.42386,5.45164,0.076369,0.0799664
135,14.7288,14.9681,0.172765,0.185016,5.42448,5.4462,0.0758079,0.0795625
136,14.7469,14.9622,0.172448,0.183754,5.42223,5.4443,0.0752863,0.0790025
137,14.7612,14.9593,0.17179,0.182441,5.41087,5.44734,0.075596,0.078487
138,14.7889,14.9966,0.172785,0.184923,5.40972,5.44164,0.0750591,0.078129
139,14.78,15.0062,0.171778,0.183849,5.40772,5.44239,0.0745477,0.0775726
140,14.7881,15.0169,0.170747,0.182852,5.40413,5.43508,0.0741045,0.0773672
141,14.7909,15.0101,0.169564,0.181686,5.40797,5.44035,0.0736813,0.0770007
142,14.7787,15.0072,0.168815,0.180434,5.41089,5.43942,0.0732225,0.0764659
143,14.7752,15.0091,0.167675,0.179186,5.41443,5.43517,0.0727982,0.0760522
144,14.762,15.0031,0.167034,0.178047,5.4193,5.43422,0.072458,0.0755318
145,14.751,15.0009,0.16625,0.176837,5.42714,5.43886,0.0723865,0.0751558
146,14.763,15.0011,0.165547,0.175629,5.43759,5.44009,0.0726474,0.074653
147,14.7554,15.0101,0.164598,0.17467,5.42912,5.43833,0.0726505,0.0741679
148,14.7495,15.0171,0.163597,0.173636,5.43428,5.42992,0.0723454,0.0741468
149,14.754,15.0044,0.162566,0.172939,5.43134,5.43112,0.0719214,0.0736606
150,14.7753,15.0235,0.162879,0.17284,5.43118,5.43041,0.0714437,0.0731746
151,14.7634,15.0292,0.162241,0.171793,5.4423,5.4306,0.071838,0.0726918
152,14.7667,15.0363,0.161212,0.170817,5.45009,5.42844,0.071791,0.0722475
153,14.7829,15.0493,0.160977,0.170204,5.44526,5.42958,0.0714869,0.0717858
154,14.7782,15.0368,0.160004,0.169567,5.44736,5.43334,0.0710554,0.0714203
155,14.7848,15.0432,0.159112,0.168598,5.44051,5.43589,0.0709304,0.0710069
156,14.7971,15.0534,0.158572,0.167833,5.4371,5.43124,0.0705598,0.0707065
157,14.8063,15.089,0.157832,0.170519,5.43761,5.42607,0.0701136,0.0704473
158,14.8128,15.077,0.156971,0.169864,5.43312,5.43133,0.0698153,0.0702001
159,14.8065,15.0813,0.156113,0.168853,5.43456,5.43219,0.0693924,0.0697653
160,14.815,15.0784,0.155374,0.167826,5.43125,5.434,0.0690394,0.0693543
161,14.8154,15.1145,0.154412,0.170663,5.42645,5.41864,0.0687796,0.070616
162,14.8153,15.1489,0.153462,0.173062,5.42561,5.4089,0.0683615,0.0708544
163,14.8076,15.1569,0.152716,0.172188,5.42993,5.40384,0.0680804,0.0706025
164,14.8113,15.1807,0.151832,0.172785,5.44335,5.40036,0.0689847,0.0702596
165,14.8083,15.1894,0.150946,0.171964,5.44348,5.40024,0.068568,0.0698352
166,14.8121,15.1916,0.150089,0.170946,5.43905,5.40444,0.0683002,0.0695427
167,14.8057,15.1906,0.149331,0.169929,5.44045,5.40516,0.0679068,0.0691313
168,14.7997,15.1934,0.148569,0.168943,5.4422,5.40713,0.0675265,0.0687491
169,14.7925,15.2018,0.147867,0.168157,5.45105,5.39844,0.0677084,0.0688938
170,14.7934,15.2034,0.147002,0.167179,5.45077,5.3922,0.0673119,0.0687732
171,14.7978,15.2204,0.146214,0.167067,5.44509,5.39189,0.0671595,0.0683729
172,14.7855,15.2307,0.145893,0.166419,5.45491,5.39066,0.0674876,0.0679877
173,14.7925,15.2282,0.145221,0.165479,5.46085,5.40174,0.0673614,0.0684971
174,14.793,15.2054,0.14439,0.166095,5.45383,5.41076,0.0673428,0.0687003
175,14.8002,15.2105,0.143747,0.165226,5.45005,5.40864,0.0670655,0.068342
176,14.7883,15.2066,0.14343,0.164334,5.44547,5.4151,0.0668427,0.0682612
177,14.7855,15.2038,0.142649,0.163433,5.44317,5.41415,0.0665058,0.0678832
178,14.7738,15.227,0.142328,0.164154,5.44114,5.41455,0.0661644,0.0675041
179,14.7569,15.2332,0.142549,0.163358,5.44503,5.41622,0.0659102,0.0671488
180,14.7503,15.227,0.141913,0.162571,5.44511,5.41646,0.0655451,0.0667772
181,14.7553,15.2237,0.14122,0.161709,5.43932,5.41341,0.0654404,0.0664793
182,14.7527,15.2233,0.140471,0.160824,5.44555,5.41563,0.0653796,0.0661524
183,14.7625,15.2208,0.140053,0.159966,5.44261,5.41873,0.0650901,0.0658645
184,14.7453,15.2057,0.140354,0.159815,5.44147,5.42603,0.0647472,0.0659134
185,14.7476,15.2005,0.139615,0.159039,5.44036,5.42816,0.0644078,0.0655926
186,14.7534,15.2027,0.138989,0.158201,5.43901,5.43287,0.0640767,0.0654105
187,14.7657,15.1804,0.138794,0.15893,5.43513,5.43693,0.0638526,0.0651883
188,14.7656,15.1784,0.138058,0.1581,5.42959,5.44214,0.0637552,0.0650515
189,14.7786,15.1688,0.137942,0.157562,5.42875,5.43708,0.0634244,0.0649058
190,14.7627,15.1554,0.138131,0.157307,5.42861,5.43278,0.0630916,0.064708
191,14.7513,15.1445,0.13788,0.156863,5.42901,5.42743,0.0627634,0.0645919
192,14.7508,15.1464,0.137165,0.15606,5.42799,5.42543,0.0624457,0.0642875
193,14.7515,15.1439,0.136458,0.155273,5.42426,5.42361,0.0622347,0.0639813
194,14.7483,15.1474,0.135795,0.154513,5.43171,5.42862,0.0623616,0.0638491
195,14.7552,15.1395,0.135278,0.153927,5.42206,5.43156,0.0627902,0.0635905
196,14.7606,15.1356,0.134701,0.153193,5.42107,5.43348,0.0624784,0.063296
197,14.7795,15.1333,0.135335,0.152435,5.41831,5.43462,0.0622234,0.0629859
198,14.7808,15.1375,0.13466,0.151727,5.42256,5.43596,0.0620558,0.062683
199,14.7919,15.1371,0.13444,0.150967,5.41479,5.43347,0.0622322,0.0624186
200,14.7997,15.1496,0.134001,0.150729,5.41147,5.42856,0.0620103,0.062301
201,14.7957,15.146,0.133397,0.150023,5.41681,5.42889,0.0619327,0.0619927
202,14.7856,15.162,0.133121,0.150135,5.41975,5.42878,0.0616971,0.0616867
203,14.7914,15.1562,0.132593,0.14951,5.41747,5.42663,0.0614363,0.061421
204,14.7811,15.1488,0.132346,0.148966,5.42178,5.42171,0.0612875,0.0613188
205,14.7827,15.156,0.131711,0.148419,5.42031,5.41613,0.061007,0.061275
206,14.7834,15.1581,0.131075,0.147716,5.41401,5.41165,0.0610376,0.0611422
207,14.7857,15.1537,0.130464,0.147072,5.41268,5.414,0.0607579,0.060893
208,14.797,15.1415,0.130331,0.14687,5.41488,5.42181,0.0605065,0.0611014
209,14.8009,15.1309,0.129768,0.146555,5.4188,5.4281,0.0603453,0.0611348
210,14.8172,15.1308,0.130167,0.145859,5.41454,5.42922,0.06021,0.0608546
211,14.8137,15.1452,0.129597,0.145883,5.41393,5.43658,0.0599284,0.0610124
212,14.8188,15.1465,0.129088,0.145202,5.41639,5.43587,0.0596971,0.0607295
213,14.8311,15.1441,0.129071,0.144542,5.4129,5.43235,0.0595198,0.0605476
214,14.8434,15.1458,0.129055,0.143878,5.40794,5.43205,0.0594501,0.060266
215,14.8413,15.1399,0.128473,0.143332,5.40722,5.43255,0.0591786,0.0599885
216,14.8438,15.1339,0.127905,0.142794,5.40408,5.43967,0.0589885,0.0601344
217,14.8447,15.1399,0.127319,0.142262,5.40601,5.43841,0.0587489,0.0598712
218,14.8399,15.1465,0.126827,0.141768,5.40622,5.44122,0.0584804,0.0596632
219,14.845,15.154,0.126354,0.14132,5.40986,5.43639,0.0583278,0.0595878
220,14.8628,15.1483,0.127023,0.140797,5.40665,5.43307,0.058152,0.0594101
221,14.8584,15.1652,0.126524,0.141182,5.40905,5.43271,0.0579391,0.059143
222,14.8654,15.15,0.126151,0.141367,5.40431,5.43571,0.0578729,0.0589536
223,14.8723,15.1534,0.125774,0.140775,5.40126,5.43962,0.0576946,0.0588198
224,14.8852,15.1692,0.125882,0.141043,5.39631,5.43541,0.057651,0.0587085
225,14.8868,15.164,0.125333,0.140515,5.3877,5.4365,0.0580365,0.0584581
226,14.8968,15.1609,0.125181,0.139929,5.3888,5.43871,0.0577908,0.0582421
227,14.9052,15.1672,0.124911,0.139457,5.38481,5.44259,0.057675,0.0581161
228,14.9023,15.1664,0.124398,0.13885,5.37949,5.43902,0.0576685,0.0579721
229,14.8901,15.1696,0.124453,0.138282,5.39033,5.43865,0.0584317,0.0577207
230,14.8694,15.1647,0.125637,0.137769,5.40224,5.43324,0.0593849,0.0577242
231,14.8614,15.1661,0.125344,0.137182,5.40591,5.43119,0.0592418,0.0575114
232,14.8713,15.1605,0.12519,0.136706,5.40146,5.43579,0.0591549,0.057448
233,14.8749,15.1577,0.124708,0.136151,5.4063,5.43813,0.0591004,0.0572499
234,14.8752,15.1552,0.124176,0.135592,5.41404,5.44031,0.0593556,0.0570475
235,14.8747,15.1556,0.12365,0.135017,5.41127,5.43584,0.0591686,0.0569809
236,14.8698,15.1438,0.123224,0.134963,5.41242,5.43726,0.0589296,0.0567577
237,14.8845,15.142,0.123579,0.134407,5.41539,5.43616,0.058757,0.0565295
238,14.9002,15.1567,0.124058,0.134654,5.40984,5.43174,0.0587738,0.0564661
239,14.9041,15.1515,0.123601,0.134193,5.40853,5.42769,0.0585431,0.0563759
240,14.9,15.1557,0.123154,0.133702,5.40927,5.42408,0.0583044,0.0562574
241,14.8965,15.1586,0.122695,0.133179,5.40517,5.4216,0.0582074,0.0560792
242,14.8985,15.1473,0.122206,0.13311,5.40144,5.41635,0.0580879,0.0560938
243,14.9146,15.1612,0.122759,0.133295,5.39938,5.41247,0.0578858,0.0559983
244,14.9062,15.1632,0.122543,0.132766,5.40144,5.41093,0.057686,0.0557906
245,14.9005,15.1474,0.122176,0.133175,5.39773,5.41418,0.0575713,0.0556585
246,14.9012,15.1494,0.121682,0.13265,5.39566,5.41134,0.0573748,0.0555054
247,14.9067,15.1576,0.121317,0.132372,5.39145,5.41054,0.0572982,0.0552869
248,14.9182,15.1514,0.121371,0.131986,5.38762,5.41624,0.0571959,0.0553589
249,14.9078,15.1461,0.121329,0.131564,5.3882,5.41779,0.0569696,0.0551587
250,14.9052,15.1439,0.120872,0.131059,5.38887,5.4152,0.0567461,0.0549992
251,14.9157,15.1215,0.120845,0.132432,5.38613,5.42076,0.0565866,0.0550614
252,14.9195,15.1308,0.120428,0.132229,5.3804,5.42151,0.0566528,0.0548486
253,14.919,15.1306,0.119954,0.131708,5.38162,5.42171,0.0564424,0.0546326
254,14.9284,15.1306,0.119849,0.13119,5.38418,5.41893,0.0562789,0.0544887
255,14.9318,15.1234,0.119428,0.130876,5.38563,5.42274,0.0560774,0.0544087
256,14.9325,15.1161,0.118965,0.13057,5.38464,5.42362,0.0558675,0.0542037
257,14.9299,15.0999,0.118532,0.131071,5.38906,5.42695,0.0558257,0.0540958
258,14.9273,15.0933,0.118102,0.130732,5.38881,5.43275,0.0556104,0.0541977
259,14.9297,15.1004,0.117672,0.130425,5.3918,5.43671,0.0554769,0.0541344
260,14.9207,15.09,0.117569,0.130341,5.39668,5.43916,0.0554792,0.0539823
261,14.9122,15.1042,0.117424,0.13062,5.40134,5.43675,0.0554625,0.0538301
262,14.922,15.1075,0.117386,0.130165,5.40338,5.43337,0.0552891,0.053731
263,14.9114,15.1039,0.117423,0.129722,5.40694,5.43067,0.0551944,0.0535955
264,14.9109,15.0929,0.11698,0.1297,5.40616,5.43328,0.0549914,0.0534565
265,14.912,15.0896,0.116545,0.129254,5.41002,5.43857,0.0549204,0.0535178
266,14.913,15.0888,0.116112,0.128772,5.41588,5.44379,0.0550267,0.0535717
267,14.9114,15.0894,0.115689,0.128292,5.41588,5.44501,0.054821,0.0533853
268,14.9232,15.0769,0.115863,0.128426,5.41645,5.44648,0.0546199,0.0532069
269,14.9235,15.0839,0.115434,0.128144,5.41222,5.44407,0.0545817,0.0530642
270,14.9239,15.0776,0.115008,0.127827,5.41083,5.44318,0.0543977,0.0528756
271,14.9154,15.0924,0.114899,0.128218,5.41112,5.43792,0.0541981,0.0529428
272,14.9077,15.0897,0.114741,0.127778,5.41721,5.4355,0.0543426,0.0528038
273,14.9035,15.0837,0.114396,0.127448,5.41783,5.43665,0.0541474,0.0526231
274,14.9043,15.0836,0.113982,0.126984,5.41321,5.43457,0.0541474,0.0524725
275,14.9008,15.1006,0.113622,0.127664,5.4166,5.43407,0.0540574,0.0522844
276,14.9039,15.1189,0.113255,0.128512,5.41671,5.43119,0.053862,0.0521746
277,14.9095,15.1211,0.112982,0.128068,5.41479,5.4324,0.0537022,0.0520006
278,14.9017,15.1139,0.112842,0.127813,5.41668,5.43333,0.0535428,0.0518223
279,14.9077,15.1077,0.112595,0.127506,5.41475,5.43117,0.0533862,0.051682
280,14.9147,15.1103,0.112412,0.127078,5.41344,5.43038,0.0532119,0.0515039
281,14.9219,15.1229,0.112242,0.127257,5.41206,5.42708,0.0530409,0.051427
282,14.9243,15.1327,0.111872,0.127179,5.40759,5.43097,0.0530414,0.0513922
283,14.9106,15.1455,0.112318,0.127384,5.41495,5.43073,0.0533635,0.0512115
284,14.9076,15.1501,0.111964,0.127019,5.41306,5.42924,0.0532094,0.0510532
285,14.9146,15.155,0.11179,0.126668,5.41229,5.4293,0.0530286,0.0508745
286,14.9097,15.165,0.111504,0.126616,5.41564,5.42429,0.0529495,0.0509447
287,14.9147,15.1627,0.111224,0.126197,5.41314,5.43394,0.0528246,0.0516773
288,14.9182,15.1552,0.110896,0.12598,5.41408,5.44241,0.0526498,0.0521901
289,14.9192,15.142,0.110517,0.126233,5.41558,5.44724,0.0524894,0.0522332
290,14.9203,15.1478,0.110143,0.125929,5.41532,5.44612,0.0523093,0.0520654
291,14.9195,15.1449,0.109768,0.125531,5.41562,5.44648,0.0521307,0.0518881
292,14.9158,15.1414,0.109457,0.125149,5.41438,5.44271,0.0519671,0.0518479
293,14.914,15.1441,0.109099,0.124751,5.41784,5.44497,0.0519054,0.0517209
294,14.9115,15.143,0.108756,0.124332,5.41954,5.44462,0.0517572,0.0515465
295,14.9072,15.1349,0.108475,0.124177,5.42132,5.44791,0.0516127,0.0514774
296,14.8969,15.1323,0.108599,0.123786,5.42226,5.44797,0.0514472,0.0513038
297,14.9045,15.1278,0.108505,0.123452,5.41935,5.4497,0.0513571,0.0511607
298,14.903,15.1158,0.108152,0.123626,5.41765,5.44602,0.0512133,0.0511218
299,14.9096,15.1174,0.107996,0.123224,5.41592,5.44658,0.0510714,0.0509542
300,14.9113,15.1172,0.107649,0.122814,5.41496,5.45121,0.0509105,0.0509952
301,14.9055,15.1167,0.107449,0.122407,5.41493,5.44735,0.0507417,0.0509723
302,14.9152,15.1155,0.10753,0.122008,5.41264,5.44411,0.0506259,0.0509069
303,14.9133,15.1177,0.107192,0.121626,5.4108,5.44385,0.0504927,0.0507399
304,14.9193,15.122,0.107011,0.121303,5.40954,5.44173,0.0503426,0.0506179
305,14.9241,15.1206,0.106767,0.120914,5.40908,5.44349,0.0501799,0.0504828
306,14.9204,15.1297,0.106485,0.120863,5.41285,5.44104,0.050158,0.0503776
307,14.9277,15.1262,0.106388,0.120523,5.41509,5.43911,0.0500451,0.0502508
308,14.931,15.1206,0.106096,0.120262,5.42053,5.44146,0.0501791,0.0501429
309,14.916,15.1228,0.106814,0.119895,5.42005,5.43661,0.0500193,0.0502153
310,14.9177,15.1261,0.106484,0.119554,5.42091,5.43643,0.0498656,0.0500539
311,14.9236,15.1256,0.106305,0.119171,5.42207,5.43671,0.0497189,0.049894
312,14.9131,15.1356,0.106477,0.119207,5.42234,5.43413,0.0495605,0.0498012
313,14.9107,15.1328,0.106165,0.11886,5.4221,5.43639,0.049403,0.0496939
314,14.9129,15.1421,0.105848,0.118845,5.41896,5.43443,0.0493459,0.0495746
315,14.9122,15.1347,0.105515,0.118693,5.41717,5.43361,0.0492222,0.0494242
316,14.9144,15.1383,0.105204,0.118371,5.41976,5.43314,0.0491352,0.0492704
317,14.9096,15.1409,0.104982,0.118027,5.41841,5.43254,0.048999,0.0491188
318,14.9111,15.1341,0.104662,0.117852,5.42002,5.43371,0.0488716,0.0489785
319,14.9041,15.144,0.104566,0.117897,5.42507,5.42975,0.0489796,0.0489856
320,14.9107,15.1372,0.104451,0.117722,5.42399,5.43373,0.0488386,0.0489946
321,14.9123,15.1323,0.104138,0.117458,5.42322,5.4361,0.0486929,0.0488998
322,14.9033,15.1458,0.10421,0.117866,5.42653,5.4316,0.0486549,0.0489557
323,14.8974,15.1419,0.104056,0.117568,5.42764,5.4275,0.0485172,0.0489764
324,14.8988,15.1508,0.103745,0.117544,5.42662,5.42516,0.0483785,0.0488813
325,14.8842,15.1464,0.104445,0.117265,5.43216,5.42431,0.0485465,0.0487386
326,14.8852,15.1498,0.104131,0.116956,5.43289,5.42504,0.0484034,0.0485947
327,14.8905,15.1463,0.103947,0.116651,5.43139,5.43003,0.0482789,0.0487034
328,14.8941,15.142,0.103691,0.116376,5.42952,5.43267,0.0481681,0.0486267
329,14.9063,15.135,0.104104,0.116233,5.42739,5.44031,0.0480692,0.0490768
330,14.9159,15.1351,0.104232,0.115881,5.42525,5.44086,0.0479714,0.0489315
331,14.9233,15.131,0.104177,0.115606,5.42925,5.44263,0.0479937,0.0488157
332,14.9219,15.1313,0.103873,0.115259,5.42902,5.44197,0.0478499,0.0486733
333,14.9297,15.1392,0.103852,0.115184,5.42597,5.43788,0.047804,0.0486989
334,14.936,15.1373,0.103731,0.114856,5.42833,5.43789,0.0477196,0.0485533
335,14.9318,15.1369,0.103507,0.114515,5.4276,5.43862,0.047583,0.0484142
336,14.9339,15.1397,0.103223,0.114208,5.42487,5.43388,0.04752,0.0485028
337,14.9429,15.1463,0.103309,0.114062,5.42314,5.4333,0.0474107,0.0483625
338,14.9433,15.137,0.103004,0.114106,5.42463,5.43697,0.0472942,0.0483585
339,14.9542,15.1386,0.103278,0.113781,5.42137,5.43648,0.0472677,0.0482185
340,14.9464,15.1341,0.103269,0.113538,5.42416,5.44242,0.0472114,0.0484424
341,14.9403,15.1385,0.103148,0.11329,5.42713,5.44325,0.0471663,0.0483075
342,14.9313,15.1352,0.103236,0.113008,5.42557,5.44697,0.0470542,0.0483103
343,14.9325,15.1359,0.102942,0.112682,5.42382,5.44381,0.0469499,0.0482732
344,14.9319,15.1385,0.102645,0.112384,5.42381,5.43916,0.0468136,0.0483571
345,14.931,15.1378,0.102352,0.112061,5.42578,5.43971,0.0467199,0.0482203
346,14.9241,15.1309,0.102294,0.111951,5.43067,5.43801,0.0468404,0.0481112
347,14.9343,15.1273,0.102513,0.111687,5.42881,5.43962,0.0467426,0.0479997
348,14.9379,15.1222,0.10228,0.111483,5.42507,5.44218,0.0467579,0.0479302
349,14.9398,15.1328,0.102007,0.111664,5.42365,5.44021,0.0466457,0.0478336
350,14.9349,15.1267,0.101836,0.111509,5.42057,5.44203,0.0466149,0.0477318
351,14.9358,15.1224,0.10155,0.111275,5.42043,5.44102,0.0464825,0.0476066
352,14.9419,15.1183,0.101447,0.111037,5.42241,5.44183,0.0463929,0.0474783
353,14.9466,15.1207,0.101268,0.110749,5.41937,5.44204,0.0463618,0.0473445
354,14.94,15.1227,0.101199,0.110455,5.42225,5.44349,0.0463211,0.0472332
355,14.9507,15.1215,0.101482,0.110151,5.41893,5.44465,0.0463104,0.0471147
356,14.9446,15.1221,0.101379,0.109844,5.41591,5.44236,0.0462792,0.0470385
357,14.9468,15.1235,0.101118,0.109545,5.41311,5.44031,0.0462346,0.0469517
358,14.9359,15.1139,0.101425,0.109661,5.41552,5.4412,0.0461687,0.0468292
359,14.9373,15.1147,0.101152,0.109359,5.41708,5.44253,0.0460666,0.046718
360,14.9324,15.1182,0.10099,0.109112,5.41982,5.43886,0.0460207,0.0467323
361,14.9432,15.1179,0.101288,0.10881,5.41624,5.43847,0.0460328,0.0466047
362,14.9343,15.1084,0.101396,0.108927,5.41617,5.44075,0.0459058,0.0465322
363,14.938,15.1113,0.101183,0.108667,5.41425,5.43789,0.0458199,0.046492
364,14.9319,15.1102,0.101089,0.108375,5.41725,5.43911,0.0457926,0.0463805
365,14.9364,15.1112,0.100912,0.108084,5.41344,5.44055,0.045826,0.046276
366,14.9362,15.114,0.100637,0.107824,5.4149,5.43712,0.0457244,0.0462775
367,14.9353,15.1112,0.100367,0.107567,5.41576,5.43924,0.045608,0.0462005
368,14.9355,15.113,0.100095,0.10729,5.41737,5.44029,0.0455126,0.0460872
369,14.9397,15.1128,0.0999133,0.107,5.41379,5.4408,0.0455299,0.0459653
370,14.938,15.1147,0.0996587,0.106729,5.41506,5.43875,0.0454246,0.0458872
371,14.9377,15.1069,0.099391,0.106729,5.41808,5.44186,0.0454028,0.0458693
372,14.9415,15.1043,0.0991984,0.106473,5.4219,5.44299,0.045442,0.04576
373,14.9385,15.1063,0.0989774,0.106206,5.42356,5.44345,0.0453509,0.0456398
374,14.9403,15.1098,0.0987297,0.10598,5.42293,5.44725,0.0452342,0.045677
375,14.9387,15.1071,0.0984806,0.105733,5.42377,5.44614,0.0451216,0.0455689
376,14.9337,15.0993,0.0983427,0.105741,5.42201,5.44847,0.045036,0.0455073
377,14.9307,15.0893,0.0981287,0.105929,5.42155,5.44887,0.0449191,0.0453886
378,14.9277,15.0997,0.0979166,0.106162,5.42095,5.44928,0.0448044,0.0452705
379,14.9244,15.0953,0.0977147,0.105976,5.42173,5.45202,0.0446932,0.0452341
380,14.9266,15.0884,0.0974826,0.105921,5.42046,5.4509,0.044594,0.0451291
381,14.9227,15.0922,0.0973058,0.105711,5.4237,5.44881,0.0445949,0.0450593
382,14.923,15.1029,0.0970521,0.105977,5.42375,5.4443,0.0444784,0.0451667
383,14.9208,15.0981,0.0968258,0.105811,5.42551,5.44625,0.0443971,0.0450911
384,14.9112,15.0966,0.0970433,0.105546,5.42234,5.44919,0.044395,0.0450693
385,14.909,15.1003,0.0968182,0.105335,5.42149,5.45026,0.0442879,0.0449652
386,14.9097,15.0926,0.0965709,0.105341,5.41851,5.45089,0.0442737,0.0448533
387,14.9197,15.0864,0.0968377,0.105254,5.42077,5.45554,0.0442169,0.0449788
388,14.9259,15.0853,0.0967848,0.104988,5.41906,5.45655,0.0441361,0.0448744
389,14.9176,15.0773,0.0968954,0.105027,5.41939,5.45497,0.044024,0.044787
390,14.9121,15.0674,0.0968034,0.105223,5.41956,5.46012,0.0439116,0.0449678
391,14.9108,15.0557,0.0965643,0.105608,5.41904,5.45918,0.0438027,0.0448628
392,14.91,15.0553,0.0963219,0.10534,5.41986,5.4581,0.0436988,0.0447616
393,14.9103,15.0517,0.0960778,0.105133,5.42132,5.46015,0.0436124,0.0446948
394,14.8998,15.0458,0.0964111,0.105035,5.42301,5.46049,0.0435344,0.0445828
395,14.9006,15.0542,0.0961708,0.105102,5.42157,5.46166,0.0434482,0.0444854
396,14.9069,15.0567,0.0961313,0.104868,5.42013,5.46058,0.0433623,0.0443862
397,14.9018,15.0603,0.0960229,0.104665,5.41962,5.46136,0.0432562,0.0442813
398,14.8953,15.0636,0.0960036,0.104454,5.42551,5.46092,0.0435473,0.0441723
399,14.8952,15.0703,0.0957634,0.104408,5.42614,5.45963,0.0434429,0.0440805
400,14.8933,15.0705,0.0955417,0.104148,5.42919,5.45686,0.0434413,0.0440577
401,14.9052,15.0756,0.0960336,0.104014,5.4276,5.45377,0.0433621,0.0440563
402,14.8965,15.0808,0.0961818,0.103886,5.42806,5.45206,0.0432567,0.0439802
403,14.9018,15.0823,0.0960857,0.10364,5.42665,5.45137,0.0431726,0.0438766
404,14.9066,15.0785,0.0959706,0.103455,5.42352,5.45054,0.0431793,0.0437761
405,14.9019,15.0817,0.0958502,0.10325,5.42692,5.45169,0.0432066,0.0436833
406,14.9042,15.0829,0.0956415,0.103002,5.42866,5.44994,0.0431355,0.0436109
407,14.9062,15.0773,0.0954273,0.102901,5.43061,5.45351,0.043074,0.0436501
408,14.9022,15.064,0.0952749,0.103503,5.4316,5.45447,0.0429797,0.0435538
409,14.8979,15.0634,0.0951391,0.103252,5.43464,5.45884,0.042983,0.0436672
410,14.8936,15.0671,0.0950076,0.103069,5.43271,5.46056,0.042922,0.0435945
411,14.8938,15.0685,0.0947771,0.102828,5.43292,5.45963,0.0428182,0.0434984
412,14.8864,15.0605,0.0948407,0.102891,5.42921,5.4609,0.0428745,0.0434116
413,14.8961,15.0551,0.0951122,0.102785,5.42854,5.46199,0.0427762,0.0433203
414,14.8991,15.052,0.0949292,0.102584,5.42613,5.4602,0.0427406,0.0432527
415,14.9025,15.0423,0.0947633,0.10279,5.42735,5.46122,0.0426552,0.0431606
416,14.8991,15.0433,0.0945986,0.102548,5.42799,5.4586,0.0425576,0.0431366
417,14.8972,15.0534,0.0943919,0.102801,5.4325,5.45706,0.0426944,0.043061
418,14.8986,15.0554,0.0941768,0.102575,5.43719,5.45578,0.0428499,0.0429769
419,14.8927,15.052,0.0941366,0.102388,5.43922,5.45506,0.0427958,0.0428806
420,14.8965,15.0537,0.09399,0.10216,5.4383,5.45547,0.0427038,0.0427805
421,14.9038,15.0611,0.0940504,0.102182,5.43535,5.45273,0.0427048,0.0427667
422,14.9039,15.059,0.0938279,0.101961,5.43564,5.45357,0.0426047,0.0426737
423,14.9025,15.0577,0.0936166,0.101729,5.43577,5.45401,0.0425043,0.0425752
424,14.8974,15.0514,0.0935343,0.101684,5.43613,5.45436,0.0424057,0.0424764
425,14.891,15.0444,0.0935376,0.101685,5.43832,5.45471,0.0423625,0.042378
426,14.8901,15.0486,0.093322,0.101532,5.43714,5.45358,0.0422797,0.0422939
427,14.8902,15.0478,0.0931038,0.101297,5.43441,5.45493,0.042269,0.0422164
428,14.8891,15.0391,0.092893,0.101436,5.43474,5.45548,0.0421717,0.0421215
429,14.8868,15.0302,0.0927037,0.101585,5.43679,5.45426,0.0421236,0.0420413
430,14.8887,15.0356,0.0925062,0.101493,5.43491,5.45232,0.0420682,0.0419881
431,14.894,15.0365,0.0924462,0.101262,5.43544,5.45246,0.0419741,0.041891
432,14.8934,15.0308,0.0922346,0.101192,5.43609,5.45358,0.041882,0.0418093
433,14.8933,15.0312,0.0920218,0.100959,5.44032,5.45417,0.0419998,0.041717
434,14.8935,15.0335,0.0918103,0.100754,5.44035,5.4568,0.0419032,0.0417044
435,14.8968,15.0303,0.0916584,0.100574,5.43962,5.45507,0.0418134,0.0416447
436,14.8962,15.0317,0.0914502,0.100353,5.44225,5.45466,0.0418003,0.0415513
437,14.887,15.0254,0.0917053,0.10032,5.44707,5.45431,0.041983,0.0414578
438,14.8846,15.0249,0.0915288,0.100093,5.44574,5.45501,0.0419085,0.0413693
439,14.8858,15.0193,0.0913287,0.10002,5.44715,5.4561,0.0418369,0.0412895
440,14.8817,15.0258,0.0912155,0.100002,5.44481,5.45734,0.041807,0.0412143
441,14.8741,15.0244,0.0913189,0.0997852,5.44848,5.4609,0.0418735,0.041275
442,14.8833,15.0231,0.0915722,0.0995684,5.45075,5.46109,0.0418405,0.0411822
443,14.8731,15.0137,0.0919375,0.0997876,5.45316,5.4658,0.0418154,0.0413574
444,14.8681,15.0115,0.091863,0.0995877,5.45398,5.46455,0.0417293,0.0412832
445,14.8731,15.0132,0.0917879,0.0993795,5.45429,5.46443,0.0416368,0.0411907
446,14.8716,15.0151,0.0915942,0.0991748,5.45307,5.46394,0.0415613,0.0411013
447,14.8739,15.0111,0.0914179,0.0990328,5.45357,5.46636,0.0414714,0.0410807
448,14.8735,15.0151,0.0912149,0.098893,5.45352,5.46602,0.041379,0.0409905
449,14.8798,15.0155,0.0912328,0.0986736,5.45008,5.46503,0.0414299,0.0409114
450,14.8756,15.0185,0.0911261,0.0985014,5.45141,5.46575,0.0413593,0.0408269
451,14.8687,15.0196,0.0911886,0.0982891,5.45371,5.46563,0.0413319,0.0407367
452,14.8612,15.0136,0.0912977,0.0982564,5.45634,5.46933,0.0413242,0.0408151
453,14.8613,15.0144,0.0910964,0.0980436,5.45592,5.46724,0.0412352,0.0407792
454,14.8618,15.0211,0.0908978,0.0980543,5.45665,5.46641,0.041151,0.0406979
455,14.864,15.0327,0.0907229,0.0985309,5.45367,5.46463,0.0411688,0.0406475
456,14.8637,15.0268,0.0905246,0.0984918,5.45394,5.46323,0.0410795,0.0405824
457,14.8602,15.0292,0.0903949,0.0983047,5.45455,5.45942,0.0409944,0.0406726
458,14.8582,15.0183,0.0902182,0.0986958,5.45506,5.46106,0.0409081,0.0406168
459,14.862,15.0194,0.0901005,0.098487,5.45561,5.46097,0.0408228,0.0405285
460,14.8587,15.0115,0.0899646,0.0985899,5.45567,5.46255,0.0407342,0.0404713
461,14.8548,15.0137,0.0898558,0.0984004,5.45767,5.46101,0.0406953,0.0404128
462,14.8505,15.0122,0.0897644,0.0981977,5.45725,5.46312,0.0406094,0.0403803
463,14.8562,15.0186,0.0897512,0.0981933,5.45788,5.46192,0.0405267,0.040311
464,14.8579,15.0223,0.0895735,0.0980503,5.45823,5.45908,0.0404409,0.0403245
465,14.8565,15.0229,0.0893917,0.0978418,5.45618,5.45768,0.0404063,0.0402621
466,14.8585,15.0225,0.0892223,0.0976329,5.45503,5.45687,0.0403358,0.040184
467,14.8613,15.0193,0.0890758,0.0974757,5.45186,5.45597,0.0403743,0.0401081
468,14.8627,15.0199,0.0888973,0.097269,5.45014,5.45982,0.0403248,0.0402073
469,14.8592,15.0182,0.0887789,0.0970765,5.45028,5.46006,0.0402391,0.0401224
470,14.8625,15.0171,0.0886515,0.0968763,5.44859,5.45854,0.0401892,0.0400661
471,14.8589,15.024,0.0885338,0.0969156,5.4467,5.45865,0.0401485,0.0399813
472,14.8603,15.0222,0.0883562,0.0967268,5.45029,5.46195,0.0402244,0.0400334
473,14.8606,15.0227,0.0881702,0.0965241,5.44747,5.46385,0.0402384,0.0399938
474,14.8629,15.0177,0.0880148,0.0964544,5.44703,5.4639,0.0401561,0.0399095
475,14.8628,15.0104,0.0878298,0.0965251,5.44752,5.46393,0.0400746,0.0398256
476,14.8609,15.0082,0.0876664,0.0963469,5.44626,5.46553,0.0400104,0.0397745
477,14.8604,15.0175,0.0874842,0.0965947,5.44447,5.46437,0.0399668,0.0397084
478,14.8649,15.0183,0.0874163,0.0963954,5.44422,5.46168,0.0398841,0.0397165
479,14.8669,15.0179,0.0872587,0.096195,5.44298,5.46003,0.0398202,0.0396678
480,14.8719,15.022,0.0872178,0.0960833,5.44402,5.46004,0.0397509,0.0395852
481,14.8652,15.0152,0.0872919,0.0961294,5.44357,5.46206,0.0396709,0.0395548
482,14.8612,15.0171,0.0872023,0.0959506,5.44739,5.45898,0.0397721,0.0395934
483,14.8643,15.0143,0.0870763,0.0957936,5.44841,5.46016,0.039703,0.0395291
484,14.8698,15.0191,0.0870714,0.0957161,5.44662,5.45915,0.0396616,0.0394604
485,14.869,15.025,0.0868957,0.0957027,5.44774,5.45702,0.0395959,0.0394366
486,14.878,15.0244,0.0871793,0.0955081,5.44557,5.45799,0.0395742,0.0393673
487,14.8799,15.0243,0.0870208,0.0953123,5.44363,5.45833,0.0395406,0.0392881
488,14.8843,15.0232,0.0869529,0.0951229,5.44328,5.45848,0.0394612,0.0392079
489,14.8837,15.034,0.0867769,0.0955385,5.44309,5.45573,0.039381,0.0392244
490,14.8819,15.0383,0.0866206,0.0954386,5.44284,5.45333,0.0393015,0.0392181
491,14.8814,15.0375,0.0864456,0.0952478,5.44467,5.45297,0.0392641,0.0391399
492,14.8818,15.0383,0.0862711,0.0950581,5.44775,5.45284,0.0393054,0.0390606
493,14.885,15.0355,0.086157,0.0949057,5.44504,5.45124,0.0393192,0.039014
494,14.8808,15.0351,0.0860868,0.0947146,5.44605,5.45125,0.0392525,0.0389351
495,14.8786,15.0328,0.0859429,0.0945526,5.44702,5.45205,0.0391854,0.0388646
496,14.8793,15.0324,0.0857729,0.0943627,5.44382,5.45448,0.0392374,0.038863
497,14.8873,15.0321,0.0859742,0.0941738,5.44256,5.45357,0.0391789,0.0387956
498,14.8864,15.0374,0.0858068,0.094139,5.44224,5.45281,0.0391016,0.0387252
499,14.8831,15.0362,0.0856954,0.0939591,5.44506,5.45503,0.0391254,0.0387113
500,14.8856,15.0332,0.0855587,0.0938186,5.44137,5.45598,0.0392216,0.0386456
501,14.884,15.0364,0.0854018,0.0936869,5.44218,5.45299,0.0391518,0.038684
502,14.8815,15.0371,0.0852691,0.093503,5.44282,5.45263,0.0390791,0.0386087
503,14.8854,15.0393,0.0851896,0.0933437,5.44372,5.45168,0.0390119,0.0385438
504,14.8824,15.0384,0.085073,0.0931633,5.44326,5.45386,0.0389373,0.0385291
505,14.8858,15.0473,0.0849719,0.0934094,5.44022,5.45039,0.0389787,0.0386091
506,14.8841,15.0502,0.084821,0.09327,5.44033,5.4502,0.0389019,0.0385333
507,14.8861,15.0491,0.0846777,0.0930928,5.43931,5.4508,0.0388385,0.038462
508,14.8926,15.0522,0.0847575,0.0929604,5.44031,5.45017,0.0387748,0.0383916
509,14.8935,15.0483,0.0845961,0.0928597,5.44205,5.45145,0.0387381,0.0383376
510,14.8912,15.0467,0.0844623,0.092691,5.44308,5.45282,0.038676,0.038287
511,14.8828,15.0506,0.0847158,0.0925886,5.44481,5.45201,0.038639,0.0382206
512,14.8812,15.0544,0.0845649,0.0924887,5.44535,5.45127,0.0385674,0.0381533
513,14.8779,15.0497,0.0844653,0.0924294,5.44563,5.45274,0.0384933,0.0381074
514,14.8761,15.0442,0.08432,0.0924146,5.44657,5.45391,0.0384299,0.0380512
515,14.878,15.0435,0.0841776,0.0922377,5.44553,5.45405,0.0383694,0.0379776
516,14.8792,15.0456,0.0840228,0.0920823,5.44531,5.452,0.0382958,0.0379596
517,14.8819,15.0509,0.0839046,0.0920557,5.44621,5.45113,0.0382324,0.0378963
518,14.883,15.0531,0.0837504,0.0919061,5.44609,5.45102,0.0381588,0.0378233
519,14.8784,15.0467,0.0837172,0.0919551,5.44608,5.44976,0.0380854,0.0377718
520,14.8737,15.0426,0.0836895,0.0918684,5.45066,5.44765,0.0382878,0.0377579
521,14.8693,15.0408,0.0836455,0.0917101,5.45136,5.45132,0.0382206,0.0378629
522,14.8707,15.0336,0.0834971,0.0918168,5.45169,5.45146,0.038149,0.0377907
523,14.8649,15.0321,0.0835366,0.0916547,5.45229,5.45056,0.0380808,0.0377294
524,14.8615,15.0294,0.0834454,0.0915184,5.4539,5.45197,0.0380419,0.0376838
525,14.8578,15.0245,0.083369,0.0914738,5.45436,5.45331,0.0379724,0.0376361
526,14.8533,15.0223,0.0833322,0.0913279,5.45859,5.45521,0.0381358,0.0376128
527,14.8502,15.0178,0.0832348,0.0912638,5.45981,5.45306,0.0380831,0.0376035
528,14.8483,15.0142,0.0830974,0.0911637,5.45838,5.45345,0.0380382,0.0375344
529,14.8578,15.0156,0.0834763,0.091003,5.45644,5.45512,0.0380158,0.0375007
530,14.855,15.0152,0.0833653,0.0908325,5.45889,5.45399,0.0380232,0.0374471
531,14.8541,15.0116,0.0832138,0.0907343,5.46088,5.45292,0.038004,0.037392
532,14.857,15.0092,0.083109,0.0905957,5.45791,5.45503,0.0380493,0.0373817
533,14.858,15.0075,0.0829596,0.0904417,5.45904,5.45434,0.0379949,0.0373181
534,14.859,15.0115,0.0828106,0.0903609,5.45981,5.45283,0.0379316,0.0372788
535,14.8526,15.0124,0.0829047,0.0901967,5.4626,5.45248,0.0379633,0.0372108
536,14.8522,15.0131,0.0827512,0.0900319,5.46339,5.45122,0.0379008,0.0371628
537,14.8559,15.0153,0.082679,0.0898914,5.46245,5.44912,0.037842,0.0371531
538,14.8514,15.0204,0.082646,0.0898695,5.46076,5.44886,0.0378094,0.037085
539,14.8506,15.0219,0.0824962,0.089715,5.4599,5.44924,0.0377492,0.0370183
540,14.8469,15.0199,0.0824266,0.0895706,5.45961,5.45153,0.0376805,0.0370208
541,14.8489,15.0206,0.0822968,0.0894075,5.4572,5.4521,0.0376878,0.0369567
542,14.8415,15.0208,0.0824768,0.089243,5.45766,5.45331,0.0376211,0.0369085
543,14.838,15.0199,0.0823978,0.0890839,5.45821,5.45248,0.0375558,0.0368498
544,14.8361,15.0135,0.0822684,0.0891493,5.46014,5.45316,0.0375367,0.0367885
545,14.8377,15.0158,0.0821331,0.0890157,5.46185,5.45402,0.0375068,0.0367311
546,14.8363,15.0103,0.0819947,0.0890212,5.46259,5.45556,0.0374454,0.0366959
547,14.8353,15.0122,0.0818517,0.0888795,5.46214,5.45644,0.0373797,0.0366397
548,14.8339,15.0093,0.0817132,0.0887665,5.46221,5.45553,0.0373117,0.0365842
549,14.8308,15.0155,0.0816243,0.0888233,5.46471,5.45474,0.0373275,0.0365261
550,14.8324,15.0163,0.0814916,0.0886654,5.46364,5.45298,0.0372751,0.0365025
551,14.8338,15.0179,0.0813556,0.0885197,5.46309,5.45382,0.0372116,0.036446
552,14.8351,15.0182,0.0812194,0.0883598,5.46194,5.44998,0.0371621,0.0365824
553,14.8415,15.0182,0.0813259,0.0882001,5.46172,5.44963,0.0370956,0.036518
554,14.8443,15.0183,0.081227,0.0880411,5.46238,5.45146,0.0370345,0.0364984
555,14.8549,15.0236,0.0817707,0.0880409,5.46009,5.45059,0.0370389,0.0364433
556,14.8618,15.0237,0.0819125,0.0878828,5.45654,5.44913,0.0371427,0.0364072
557,14.8593,15.0302,0.0818032,0.0879623,5.45851,5.44987,0.0371285,0.0363495
558,14.8621,15.0336,0.0817036,0.0878709,5.45706,5.45043,0.0370902,0.0362888
559,14.8547,15.0349,0.0818892,0.087724,5.45701,5.44945,0.0370239,0.0362371
560,14.8541,15.0376,0.0817455,0.0876087,5.4564,5.45102,0.0369629,0.0362064
561,14.8568,15.0318,0.0816464,0.0876456,5.4539,5.4515,0.0369815,0.0361451
562,14.8546,15.0279,0.0815312,0.0875772,5.45264,5.45153,0.0369372,0.0360808
563,14.849,15.0256,0.0815799,0.087451,5.45435,5.45225,0.0369113,0.036024
564,14.8459,15.02,0.0814963,0.0874781,5.45212,5.45585,0.0369137,0.0361398
565,14.8482,15.0191,0.0813848,0.087328,5.45151,5.456,0.0368534,0.0360762
566,14.8488,15.0232,0.0812434,0.0872685,5.44993,5.45481,0.0368226,0.0360321
567,14.8488,15.0228,0.0811003,0.0871154,5.45108,5.456,0.036776,0.0359883
568,14.8538,15.0244,0.081115,0.086976,5.45056,5.45479,0.036715,0.0359453
569,14.8485,15.0178,0.0811496,0.0870703,5.45172,5.45386,0.0366687,0.0358942
570,14.8447,15.0176,0.0810957,0.0869179,5.45303,5.45448,0.036628,0.0358367
571,14.85,15.0166,0.0811298,0.0867721,5.45334,5.4527,0.0365651,0.0358181
572,14.8488,15.0208,0.0809974,0.0867247,5.45172,5.45314,0.036537,0.0357583
573,14.8453,15.0216,0.0809339,0.0865766,5.45455,5.45408,0.0365832,0.0357081
574,14.8429,15.0204,0.0808273,0.0864335,5.45351,5.45473,0.0365343,0.035652
575,14.8401,15.028,0.080736,0.086618,5.4574,5.45319,0.0366768,0.0356233
576,14.8435,15.0274,0.0806671,0.0864698,5.45855,5.45445,0.0366314,0.0355838
577,14.8514,15.0287,0.080919,0.0863291,5.45938,5.45369,0.0365773,0.0355304
578,14.8487,15.0311,0.0808246,0.0862154,5.45913,5.45369,0.036515,0.035469
579,14.8447,15.0293,0.0807835,0.0860856,5.45818,5.45393,0.0364643,0.0354086
580,14.8434,15.03,0.0806548,0.0859398,5.45727,5.45328,0.0364128,0.0353536
581,14.8436,15.0278,0.0805163,0.0858208,5.45549,5.45272,0.036394,0.0352974
582,14.8463,15.0256,0.0804216,0.0857015,5.45447,5.45097,0.0363457,0.0352797
583,14.8404,15.0214,0.0804963,0.085657,5.45364,5.45319,0.0362928,0.0352888
584,14.8388,15.0202,0.0803756,0.0855181,5.4538,5.45346,0.0362311,0.0352295
585,14.8373,15.0146,0.080251,0.0855561,5.45541,5.45677,0.0362053,0.0353246
586,14.8333,15.0119,0.0802147,0.0854527,5.45402,5.45936,0.0361703,0.0353593
587,14.834,15.0116,0.0800814,0.0853079,5.45463,5.45817,0.0361139,0.0353192
588,14.8357,15.0148,0.0799632,0.085222,5.4564,5.45706,0.036096,0.0352764
589,14.8384,15.0105,0.0798725,0.0851855,5.45621,5.4593,0.0360353,0.0352877
590,14.8379,15.0147,0.0797392,0.0851438,5.45535,5.45759,0.0359845,0.0352697
591,14.834,15.009,0.0796987,0.0851908,5.45632,5.45818,0.0359367,0.0352151
592,14.8324,15.0071,0.0795796,0.0850679,5.4557,5.45806,0.0358815,0.0351558
593,14.8315,14.9991,0.0794505,0.0853018,5.45519,5.45906,0.0358246,0.0351108
594,14.8322,14.9981,0.0793197,0.0851634,5.45407,5.45908,0.0357819,0.0350517
595,14.8318,15.0004,0.0791874,0.0850519,5.45306,5.45778,0.0357362,0.0350172
596,14.8315,15.0021,0.0790554,0.0849257,5.45437,5.4553,0.0357003,0.0350462
597,14.8375,15.0055,0.0791514,0.0848504,5.45227,5.45319,0.0357023,0.035051
598,14.8338,15.0037,0.0791052,0.0847269,5.45208,5.45447,0.0356431,0.0350156
599,14.8352,15.0006,0.0789853,0.0846436,5.44868,5.45587,0.0357458,0.0349853
600,14.84,14.9949,0.0790011,0.0846938,5.44952,5.45813,0.0356962,0.0350004
601,14.8386,14.9967,0.0788824,0.0845729,5.45209,5.45795,0.0357289,0.0349427
602,14.8469,14.9977,0.0791861,0.0844386,5.45021,5.45741,0.0357191,0.0348888
603,14.8461,14.9976,0.0790587,0.0842988,5.44866,5.45576,0.0356935,0.03487
604,14.8481,14.9943,0.0789539,0.0842219,5.44893,5.45242,0.0356355,0.0349725
605,14.8529,14.9892,0.0789678,0.0842388,5.44759,5.45039,0.0356019,0.0349736
606,14.8524,14.9852,0.0788389,0.0841948,5.44931,5.45105,0.0355849,0.0349221
607,14.8499,14.9853,0.0787485,0.0840562,5.44954,5.4499,0.035527,0.0348836
608,14.8489,14.9829,0.0786256,0.0839517,5.45248,5.449,0.0355904,0.0348379
609,14.8464,14.9843,0.0785385,0.0838255,5.45324,5.44955,0.0355402,0.0347851
610,14.8429,14.9872,0.0784874,0.0837409,5.45264,5.44954,0.035487,0.0347281
611,14.8518,14.9891,0.0788679,0.0836254,5.45187,5.44941,0.0354375,0.0346716
612,14.8582,14.9906,0.079,0.0835022,5.44984,5.44966,0.0354378,0.0346158
613,14.8605,14.9901,0.0789036,0.0833677,5.45091,5.44908,0.0353962,0.0345641
614,14.8613,14.9878,0.0787793,0.0832642,5.45172,5.45063,0.035348,0.0345427
615,14.8602,14.9921,0.0786593,0.08324,5.45148,5.45138,0.0352913,0.0344947
616,14.8568,14.9911,0.0786032,0.0831113,5.44848,5.45147,0.0353616,0.0344388
617,14.8592,14.9881,0.0785111,0.0830313,5.44661,5.4501,0.035354,0.0344102
618,14.8579,14.9907,0.0783946,0.0829385,5.4453,5.44919,0.0353209,0.0343665
619,14.8565,14.9882,0.0782809,0.082842,5.44569,5.44904,0.035266,0.0343113
620,14.8517,14.9853,0.0782991,0.0827592,5.44946,5.45106,0.0354104,0.0343152
621,14.8479,14.9865,0.0782682,0.0826349,5.45066,5.45121,0.035374,0.0342603
622,14.8512,14.9805,0.0782123,0.0827169,5.44938,5.45377,0.0353403,0.034301
623,14.8552,14.9809,0.0781893,0.0825848,5.45031,5.45473,0.0352957,0.0342596
624,14.8528,14.9835,0.0780997,0.0824965,5.44971,5.45532,0.0352443,0.0342098
625,14.8555,14.9865,0.0780225,0.082416,5.4479,5.45523,0.0352345,0.0341552
626,14.8566,14.9968,0.0779058,0.0829329,5.44738,5.45326,0.0351821,0.0341575
627,14.8572,14.9928,0.0777834,0.082896,5.44977,5.45563,0.0352073,0.0341854
628,14.8572,14.9941,0.0776597,0.0827734,5.44998,5.45488,0.0351519,0.0341394
629,14.8551,14.996,0.0775655,0.0826638,5.45091,5.45496,0.0351087,0.0340853
630,14.8525,14.9966,0.077487,0.0825352,5.44999,5.45426,0.0350651,0.0340385
631,14.8501,14.9988,0.0774017,0.0824325,5.45158,5.45126,0.0350458,0.0341167
632,14.8518,15.0011,0.0772996,0.0823339,5.45311,5.44777,0.0350238,0.0342409
633,14.8525,14.9988,0.0771801,0.0822349,5.45188,5.45021,0.0349904,0.0342736
634,14.8534,14.9983,0.0770646,0.0821066,5.45276,5.45049,0.0349464,0.0342208
635,14.8518,15.0032,0.0769606,0.0821204,5.45415,5.44857,0.0349188,0.0342212
636,14.8563,15.0032,0.0769725,0.0819914,5.45455,5.44905,0.0348663,0.0341709
637,14.8533,15.0025,0.0769125,0.0818658,5.4553,5.44849,0.0348197,0.034122
638,14.8572,14.9974,0.0768903,0.0818938,5.45395,5.45075,0.0347912,0.0341434
639,14.8588,14.9936,0.0767875,0.0818577,5.45183,5.4537,0.0348014,0.0342172
640,14.8622,14.9925,0.0767426,0.081737,5.44999,5.45444,0.0347955,0.0341718
641,14.8587,14.9934,0.0767004,0.081615,5.45246,5.45373,0.0348289,0.034126
642,14.8603,14.9938,0.076596,0.0814888,5.45311,5.4528,0.0347807,0.0340856
643,14.8592,14.9866,0.0764839,0.0816815,5.45275,5.45635,0.0347285,0.0342175
644,14.8583,14.9882,0.0763712,0.0815703,5.45152,5.45543,0.0346966,0.0341767
645,14.857,14.9859,0.076263,0.081475,5.45324,5.45472,0.0346855,0.0341313
646,14.8595,14.9894,0.0761839,0.0814236,5.45351,5.45423,0.0346329,0.034082
647,14.8547,14.9953,0.0762119,0.0815095,5.45474,5.45075,0.0346014,0.0342065
648,14.8549,14.9936,0.0760946,0.0814015,5.4547,5.45151,0.034548,0.0341622
649,14.8562,14.995,0.0759886,0.0812885,5.45517,5.45199,0.034498,0.0341131
650,14.8504,14.9965,0.0761001,0.0811785,5.45625,5.45277,0.0344619,0.0340696
651,14.8499,14.9963,0.0759849,0.0810541,5.45665,5.45225,0.0344113,0.0340213
652,14.8488,14.9956,0.0758753,0.0809328,5.45692,5.45245,0.0343596,0.0339698
653,14.851,14.9961,0.075791,0.0808104,5.45507,5.45303,0.0343569,0.0339228
654,14.8514,14.9954,0.0756759,0.0806907,5.4545,5.45242,0.0343091,0.0338765
655,14.8509,14.9981,0.0755619,0.0806161,5.45465,5.45196,0.0342571,0.0338279
656,14.849,14.9983,0.0754722,0.0804934,5.45476,5.45238,0.0342051,0.0337789
657,14.8509,14.9987,0.075383,0.0803723,5.4558,5.45288,0.0341687,0.0337313
658,14.8446,14.9986,0.0755371,0.0802505,5.45794,5.45184,0.034184,0.0336963
659,14.8376,14.9991,0.0757456,0.0801309,5.46091,5.45128,0.0342612,0.0336498
660,14.837,14.9941,0.0756327,0.0801666,5.46207,5.45302,0.034229,0.0336437
661,14.8378,14.9911,0.0755223,0.0801042,5.46101,5.45504,0.0341937,0.0336538
662,14.8405,14.991,0.0754547,0.0799833,5.46218,5.45509,0.0341622,0.033603
663,14.8358,14.9928,0.0754831,0.0798812,5.46282,5.455,0.0341167,0.0335525
664,14.8362,14.9934,0.0753705,0.0797637,5.46244,5.45451,0.0340675,0.0335056
665,14.8359,14.9909,0.075258,0.0796846,5.46247,5.45635,0.0340163,0.0335059
666,14.8412,14.9863,0.075337,0.0796982,5.46258,5.45848,0.0339654,0.0335232
667,14.8434,14.9805,0.0752551,0.0797847,5.46193,5.46019,0.0339207,0.0335166
668,14.8468,14.9786,0.0752198,0.0796882,5.46299,5.45976,0.0338865,0.0334693
669,14.8458,14.9786,0.0751147,0.0795691,5.46206,5.46244,0.0338488,0.0335264
670,14.8469,14.9785,0.0750121,0.0794506,5.46177,5.46281,0.0337995,0.0334786
671,14.8412,14.9812,0.0751163,0.0793792,5.46322,5.46178,0.0337803,0.0334446
672,14.8416,14.984,0.0750056,0.0793095,5.46355,5.45974,0.0337316,0.0334573
673,14.8435,14.9888,0.0749176,0.0793382,5.46185,5.46056,0.0337244,0.0334177
674,14.8409,14.9907,0.0748516,0.0792439,5.46245,5.45919,0.0336797,0.0333959
675,14.8475,14.9933,0.0750273,0.0791685,5.46181,5.45789,0.0336358,0.0333718
676,14.8502,14.9917,0.074965,0.0790681,5.46125,5.45724,0.0335908,0.0333289
677,14.8454,14.9934,0.0750031,0.078971,5.46008,5.45935,0.0335616,0.0333465
678,14.8441,14.9912,0.0749038,0.0788877,5.46167,5.45938,0.0335501,0.0332973
679,14.8446,14.9894,0.0747949,0.0787901,5.46205,5.45843,0.0335029,0.033262
680,14.847,14.9879,0.0747253,0.0786895,5.46068,5.45728,0.0334816,0.0332327
681,14.8454,14.9862,0.0746344,0.0785923,5.46018,5.45704,0.0334362,0.0331848
682,14.8389,14.986,0.0748039,0.0784775,5.4622,5.45795,0.0334479,0.0331488
683,14.835,14.9916,0.0747962,0.0785671,5.46489,5.45708,0.0335076,0.0331118
684,14.8377,14.989,0.0747368,0.0784962,5.46678,5.45798,0.0335117,0.0330758
685,14.8412,14.9862,0.0747061,0.0784307,5.46607,5.45601,0.0334703,0.0330865
686,14.8451,14.9874,0.0747033,0.0783247,5.46681,5.45484,0.0334297,0.033059
687,14.8458,14.9895,0.0745978,0.0782397,5.46694,5.45395,0.0333813,0.0330229
688,14.8487,14.9951,0.0745469,0.0783239,5.46709,5.45416,0.0333332,0.0329756
689,14.8502,14.991,0.0744522,0.0783144,5.46702,5.45539,0.0332849,0.0329504
690,14.8469,14.987,0.0744151,0.0783036,5.46716,5.45375,0.033237,0.0329435
691,14.8474,14.9876,0.0743091,0.0781924,5.46534,5.45159,0.0332392,0.0329664
692,14.8443,14.9855,0.0742679,0.0781066,5.46525,5.45128,0.0331913,0.0329203
693,14.8431,14.9874,0.0741696,0.0780158,5.46601,5.44953,0.0331522,0.0329191
694,14.842,14.9865,0.0740713,0.0779086,5.46544,5.44763,0.0331092,0.0329268
695,14.8438,14.986,0.0739875,0.0777982,5.46297,5.44798,0.0331544,0.0328813
696,14.8473,14.9866,0.0739633,0.0776887,5.46238,5.44773,0.0331119,0.0328351
697,14.8484,14.9856,0.0738655,0.0775839,5.46309,5.44594,0.0330721,0.0328366
698,14.8481,14.9855,0.0737604,0.0774728,5.4638,5.44411,0.0330323,0.032841
699,14.8512,14.9866,0.0737197,0.077369,5.46213,5.44409,0.0330273,0.032794
700,14.8515,14.9896,0.073615,0.0773172,5.46472,5.44445,0.0330817,0.0327491
701,14.8528,14.9853,0.0735224,0.0773264,5.46281,5.4461,0.03309,0.032744
702,14.8543,14.9859,0.0734318,0.0772187,5.4631,5.4451,0.0330441,0.0327126
703,14.8513,14.9866,0.0733868,0.0771126,5.46312,5.4454,0.0329972,0.0326675
704,14.852,14.9852,0.073286,0.0770166,5.46379,5.44395,0.0329572,0.0326536
705,14.8513,14.9847,0.0731853,0.0769089,5.4647,5.44338,0.0329231,0.0326122
706,14.8501,14.9852,0.0730927,0.0768013,5.4627,5.443,0.0329376,0.0325683
707,14.8544,14.9827,0.0731179,0.076733,5.46236,5.44407,0.0328928,0.0325402
708,14.8571,14.9811,0.0730658,0.0766402,5.46186,5.44481,0.0328502,0.0325026
709,14.8596,14.9816,0.0730033,0.0765333,5.4591,5.44396,0.0329196,0.0324682
710,14.856,14.9864,0.0729876,0.0765815,5.45823,5.44264,0.0328847,0.0324491
711,14.8538,14.9878,0.0729199,0.0764852,5.45992,5.44094,0.0328817,0.0324482
712,14.8528,14.9846,0.0728241,0.0764434,5.45899,5.44147,0.0328488,0.032407
713,14.8528,14.9847,0.072722,0.0763363,5.45995,5.44229,0.0328167,0.032372
714,14.8484,14.9858,0.072756,0.0762377,5.46182,5.44354,0.0328241,0.0323507
715,14.8503,14.9873,0.0726799,0.0761464,5.46251,5.44322,0.0327857,0.0323071
716,14.8479,14.991,0.0726183,0.0761294,5.46431,5.44313,0.0327891,0.0322621
717,14.8447,14.9902,0.0725849,0.0760278,5.46576,5.44355,0.0327754,0.0322198
718,14.8504,14.994,0.0727008,0.0760162,5.46435,5.44492,0.03276,0.0322041
719,14.8547,14.9964,0.0727268,0.0759493,5.46353,5.44437,0.0327249,0.032164
720,14.8533,14.9979,0.0726382,0.0758588,5.46453,5.44424,0.0326949,0.0321196
721,14.8552,14.9992,0.0725615,0.0757654,5.46306,5.4446,0.0326827,0.0320771
722,14.8578,14.9982,0.0725089,0.0756681,5.46233,5.44399,0.0326455,0.0320384
723,14.8577,14.9968,0.0724089,0.0755752,5.46349,5.44493,0.0326207,0.032008
724,14.8565,14.9982,0.0723189,0.0754838,5.4628,5.44474,0.032583,0.0319644
725,14.8548,14.9987,0.072238,0.075381,5.46362,5.44399,0.0325485,0.0319293
726,14.8533,14.9981,0.0721548,0.0752796,5.46406,5.44476,0.0325067,0.0318947
727,14.8542,14.996,0.0720614,0.0752057,5.46323,5.44599,0.0324726,0.0318745
728,14.8549,14.9927,0.0719659,0.0751727,5.46366,5.4441,0.0324309,0.0318868
729,14.8556,14.9968,0.0718703,0.0751788,5.4638,5.44385,0.0323867,0.0318441
730,14.8588,14.9962,0.0718448,0.075078,5.46291,5.44442,0.0323547,0.0318055
731,14.8592,14.9995,0.0717478,0.0750452,5.46083,5.4445,0.0323773,0.0317621
732,14.8572,14.9954,0.0716772,0.0750552,5.4631,5.44539,0.0324124,0.0317311
733,14.8581,14.9961,0.0715843,0.0749564,5.46397,5.44489,0.0323801,0.0316916
734,14.8563,14.9919,0.0715075,0.0749707,5.46489,5.44946,0.0323489,0.0319765
735,14.8562,14.9898,0.0714105,0.0748992,5.46464,5.44919,0.0323058,0.0319342
736,14.8552,14.9886,0.0713199,0.0748075,5.46678,5.44933,0.0323323,0.0318911
737,14.8555,14.9905,0.0712236,0.0747324,5.46698,5.44991,0.0322892,0.0318533
738,14.8553,14.9907,0.0711274,0.0746314,5.46772,5.45088,0.0322539,0.0318249
739,14.8563,14.9895,0.071038,0.0745413,5.46782,5.45089,0.0322105,0.0317818
740,14.8566,14.9909,0.0709426,0.0744537,5.46587,5.45138,0.032226,0.0317427
741,14.8555,14.9877,0.070855,0.0744215,5.46457,5.45408,0.0322087,0.0318147
742,14.8553,14.9928,0.0707598,0.0744954,5.46474,5.45244,0.0321657,0.0318144
743,14.8544,14.994,0.0706708,0.0744056,5.46481,5.45285,0.0321225,0.0317742
744,14.8568,14.9902,0.0706173,0.0744045,5.46494,5.4541,0.0320796,0.0317563
745,14.8567,14.9942,0.0705226,0.0744122,5.46416,5.45167,0.032046,0.031807
746,14.8529,14.9909,0.0705295,0.0743863,5.46611,5.45232,0.0320623,0.0317711
747,14.8527,14.9934,0.0704354,0.0743285,5.46464,5.45211,0.0320531,0.0317293
748,14.854,14.9898,0.0703532,0.0743123,5.46457,5.45176,0.0320104,0.0316888
749,14.8532,14.9883,0.0702648,0.0742299,5.46494,5.4515,0.0319698,0.0316477
750,14.8534,14.9912,0.0701714,0.0741901,5.46602,5.45065,0.0319453,0.0316169
751,14.8558,14.9952,0.0701196,0.0741966,5.46425,5.44875,0.0319519,0.0316322
752,14.8526,14.9973,0.0700995,0.0741295,5.46485,5.44685,0.0319152,0.0316467
753,14.8502,14.9933,0.0700448,0.0741386,5.46257,5.44977,0.0319545,0.0317389
754,14.8525,14.9959,0.069988,0.074086,5.46499,5.44935,0.0320039,0.0316997
755,14.8489,14.9994,0.0699887,0.0740703,5.46636,5.44852,0.0319907,0.0316685
756,14.8507,15.0041,0.0699207,0.0741203,5.46749,5.44684,0.0319687,0.0316713
757,14.8501,15.0103,0.0698309,0.0742837,5.46916,5.44808,0.0319702,0.0316537
758,14.852,15.0075,0.0697622,0.0742385,5.4703,5.44832,0.0319484,0.0316129
759,14.8521,15.0074,0.0696704,0.0741409,5.47049,5.44745,0.0319069,0.0315832
760,14.8521,15.0136,0.0695788,0.0743035,5.46876,5.44588,0.0319122,0.0315808
761,14.8508,15.013,0.0694996,0.0742088,5.46921,5.44586,0.0318734,0.0315393
762,14.8565,15.0156,0.0696438,0.0741557,5.46802,5.44677,0.0318539,0.0315111
763,14.8531,15.0142,0.069637,0.0740708,5.4688,5.4481,0.0318219,0.031498
764,14.8543,15.0122,0.0695563,0.0740007,5.46844,5.4485,0.0317823,0.0314593
765,14.8517,15.0146,0.0695144,0.073943,5.46975,5.44939,0.0317674,0.0314308
766,14.8535,15.0131,0.0694473,0.0738616,5.4698,5.45014,0.031726,0.0313987
767,14.8519,15.0101,0.069376,0.0738282,5.47103,5.44863,0.0317084,0.0313939
768,14.8554,15.0119,0.0693736,0.0737555,5.47042,5.448,0.031673,0.0313595
769,14.8578,15.012,0.069327,0.0736597,5.46906,5.44926,0.031661,0.0313441
770,14.8602,15.0143,0.0692777,0.0736013,5.46861,5.44803,0.0316232,0.0313276
771,14.8597,15.0136,0.0691899,0.0735095,5.47029,5.44761,0.0316271,0.0312898
772,14.861,15.0125,0.0691125,0.073423,5.46902,5.44838,0.0316116,0.0312589
773,14.8598,15.01,0.0690342,0.0733698,5.46976,5.44991,0.0315794,0.031256
774,14.8563,15.0083,0.0690336,0.0732938,5.4711,5.44834,0.0315668,0.0312552
775,14.8577,15.0098,0.06896,0.0732136,5.4729,5.44813,0.0315775,0.0312156
776,14.8591,15.0121,0.0688847,0.0731545,5.47252,5.4469,0.031539,0.0311996
777,14.8641,15.0154,0.0689762,0.0731356,5.47011,5.44732,0.0315907,0.0311622
778,14.8615,15.0164,0.0689337,0.0730489,5.46927,5.4482,0.0315613,0.0311348
779,14.8596,15.0133,0.0688715,0.0730225,5.46983,5.44933,0.0315258,0.0311155
780,14.859,15.0127,0.0687859,0.0729308,5.46921,5.44816,0.0314916,0.0310978
781,14.8556,15.0099,0.0687851,0.0728941,5.47242,5.44893,0.0316148,0.0310676
782,14.8563,15.0066,0.0687008,0.0728743,5.47341,5.44945,0.0315899,0.0310323
783,14.8586,15.0077,0.0686511,0.0727899,5.47343,5.44927,0.0315496,0.0309932
784,14.8591,15.0041,0.0685654,0.072789,5.47266,5.45018,0.0315189,0.0309669
785,14.8592,15.0049,0.0684783,0.0727012,5.47466,5.45118,0.0315423,0.0309438
786,14.8586,15.004,0.0683946,0.0726142,5.4745,5.45104,0.0315026,0.0309048
787,14.8541,14.9989,0.0684513,0.0727046,5.47454,5.45155,0.0314626,0.0308698
788,14.8528,14.9972,0.0683769,0.0726311,5.4739,5.45076,0.0314292,0.0308407
789,14.853,14.9948,0.0682905,0.0725795,5.47305,5.4514,0.031401,0.0308083
790,14.8532,14.9946,0.0682044,0.0724879,5.47157,5.45275,0.0313961,0.0307989
791,14.8494,14.9947,0.0682206,0.0723964,5.47075,5.45367,0.0313672,0.0307738
792,14.8487,14.9962,0.0681384,0.0723199,5.47115,5.45187,0.0313302,0.030788
793,14.8524,14.9998,0.0681506,0.0723189,5.47074,5.45165,0.0312934,0.03075
794,14.852,14.997,0.068066,0.0722802,5.47034,5.45594,0.0312566,0.0310097
795,14.8551,14.9957,0.0680525,0.0722012,5.46785,5.45756,0.0313171,0.0310131
796,14.8606,14.9916,0.0681865,0.0722314,5.46658,5.4583,0.0313035,0.0309831
797,14.8625,14.9908,0.0681278,0.0721451,5.46642,5.45697,0.0312647,0.0309729
798,14.8619,14.9935,0.068045,0.0721075,5.46702,5.45516,0.0312312,0.030987
799,14.8628,14.9951,0.0679661,0.0720332,5.46888,5.4567,0.0312478,0.0309863
800,14.8622,14.9913,0.0678837,0.072039,5.46753,5.45683,0.0312378,0.0309478
801,14.8629,14.9893,0.0678027,0.071977,5.46672,5.45723,0.0312094,0.0309118
802,14.8648,14.9897,0.0677432,0.071888,5.46641,5.45727,0.0311721,0.0308733
803,14.8662,14.991,0.0676734,0.0718104,5.46847,5.45844,0.0312015,0.0308572
804,14.8651,14.9923,0.0675968,0.0717338,5.46987,5.45752,0.0311941,0.0308325
805,14.8639,14.9953,0.0675249,0.071707,5.46983,5.45681,0.0311554,0.0308024
806,14.8634,14.9954,0.0674428,0.0716181,5.46802,5.45786,0.0311689,0.0307822
807,14.8608,14.9953,0.0674117,0.0715295,5.46915,5.45864,0.0311508,0.0307538
808,14.8604,14.9973,0.0673293,0.0714699,5.46971,5.45823,0.0311173,0.0307185
809,14.8665,14.9957,0.067521,0.0714,5.4686,5.45888,0.0310989,0.0306876
810,14.8621,14.9917,0.0675821,0.0714221,5.46989,5.46005,0.0310876,0.0306721
811,14.8587,14.9884,0.0675836,0.0714115,5.47071,5.45966,0.03106,0.0306368
812,14.8593,14.9888,0.0675035,0.0713246,5.47023,5.46004,0.0310254,0.0306014
813,14.8578,14.9916,0.0674371,0.0712916,5.46864,5.45852,0.031028,0.0306016
814,14.8559,14.9898,0.0673808,0.0712274,5.46787,5.45665,0.0309996,0.0306216
815,14.8573,14.9897,0.0673125,0.0711401,5.46639,5.45546,0.0309967,0.0306072
816,14.86,14.9899,0.0672852,0.0710533,5.46756,5.45635,0.0309809,0.0305828
817,14.8557,14.9911,0.0673421,0.0709767,5.4682,5.45645,0.0309496,0.0305456
818,14.8547,14.9863,0.0672676,0.0710559,5.46804,5.4566,0.0309122,0.0305086
819,14.8547,14.9841,0.0671856,0.0710025,5.46748,5.45631,0.0308796,0.0304728
820,14.8538,14.9865,0.067111,0.0709566,5.46698,5.45588,0.030846,0.0304386
821,14.8556,14.9865,0.0670537,0.0708702,5.46606,5.45475,0.030822,0.0304228
822,14.8561,14.9918,0.0669741,0.0709773,5.46524,5.45345,0.0307955,0.0304134
823,14.8568,14.9886,0.0668966,0.0709619,5.46625,5.45311,0.0307745,0.0303783
824,14.8598,14.9921,0.0668831,0.0709608,5.46484,5.45169,0.0307693,0.0303749
825,14.8619,14.9903,0.0668354,0.0708967,5.46246,5.45293,0.0308244,0.0303631
826,14.8581,14.9891,0.0668651,0.0708211,5.46374,5.4524,0.0308138,0.030331
827,14.8586,14.991,0.0667865,0.0707615,5.46368,5.4526,0.0307766,0.0302951
828,14.8585,14.9893,0.0667059,0.0706963,5.46401,5.45299,0.0307412,0.030261
829,14.8563,14.9871,0.066663,0.0706468,5.46571,5.45352,0.0307513,0.0302292
830,14.8556,14.9905,0.0665859,0.0706455,5.46828,5.45239,0.0308215,0.0302141
831,14.8575,14.9895,0.0665321,0.0705686,5.46743,5.45343,0.0307961,0.0301956
832,14.8607,14.99,0.066528,0.0704858,5.46873,5.45109,0.0307863,0.0302501
833,14.8607,14.9891,0.0664482,0.0704071,5.46732,5.45082,0.0307817,0.030215
834,14.8602,14.9892,0.0663704,0.0703229,5.46745,5.45172,0.0307451,0.0301924
835,14.8589,14.9887,0.0663042,0.070241,5.46734,5.45322,0.0307085,0.0301935
836,14.8582,14.9851,0.0662286,0.0702454,5.46784,5.45306,0.0306759,0.0301579
837,14.8613,14.985,0.0662241,0.0701616,5.46749,5.45338,0.0306413,0.0301236
838,14.861,14.9846,0.0661463,0.0700795,5.46686,5.45311,0.0306113,0.0300889
839,14.8595,14.9871,0.0660837,0.0700423,5.46675,5.45131,0.030575,0.0301071
840,14.8636,14.9864,0.0661325,0.0699625,5.46691,5.45173,0.030539,0.0300743
841,14.8695,14.9816,0.0663142,0.0700422,5.46613,5.4528,0.0305126,0.0300574
842,14.8721,14.9816,0.0662866,0.0699591,5.46478,5.45249,0.0305066,0.0300234
843,14.8763,14.9834,0.0663447,0.0698981,5.46356,5.45041,0.0304948,0.0300597
844,14.876,14.9846,0.0662667,0.0698261,5.46264,5.44884,0.0304725,0.030065
845,14.8789,14.9844,0.0662482,0.0697438,5.46252,5.44961,0.0304367,0.0300393
846,14.8778,14.9837,0.0661779,0.0696653,5.4627,5.44801,0.0304013,0.0300465
847,14.878,14.9852,0.0661,0.0695999,5.46339,5.44668,0.0303732,0.0300402
848,14.8765,14.9839,0.0660395,0.0695296,5.46292,5.446,0.030341,0.0300126
849,14.877,14.982,0.0659637,0.0694752,5.464,5.44561,0.0303247,0.0299798
850,14.8748,14.982,0.0659239,0.0693936,5.46303,5.44498,0.0303046,0.0299511
851,14.8731,14.9784,0.0658681,0.0694054,5.4627,5.44588,0.0302708,0.0299295
852,14.8736,14.9771,0.0657933,0.0693375,5.46317,5.44703,0.0302389,0.0299164
853,14.8772,14.9755,0.0658144,0.0692742,5.46155,5.44542,0.0302468,0.0299245
854,14.8748,14.9764,0.0657825,0.0691987,5.46335,5.44495,0.0302646,0.0298932
855,14.8755,14.9739,0.0657097,0.0691639,5.46287,5.44548,0.030233,0.029863
856,14.8768,14.9785,0.0656446,0.0692373,5.46107,5.44358,0.0302513,0.0298886
857,14.8754,14.9778,0.0655825,0.0691599,5.46054,5.44253,0.0302207,0.0298723
858,14.8733,14.9832,0.0655396,0.0692874,5.46147,5.44299,0.0301998,0.0298411
859,14.8764,14.9836,0.0655374,0.069208,5.4599,5.44301,0.0302052,0.0298064
860,14.8736,14.9874,0.0655235,0.0692311,5.45948,5.44116,0.030173,0.0298292
861,14.8795,14.9869,0.0657123,0.0691521,5.45905,5.4406,0.0301411,0.0297999
862,14.8809,14.9874,0.0656526,0.0690736,5.4583,5.44161,0.0301156,0.0297825
863,14.8807,14.9837,0.0655769,0.0690933,5.45836,5.44328,0.0300808,0.0297948
864,14.8788,14.9848,0.0655295,0.0690224,5.45909,5.44325,0.0300548,0.0297603
865,14.88,14.9811,0.0654652,0.0690445,5.45888,5.44328,0.0300208,0.0297259
866,14.8787,14.9836,0.0654037,0.0690124,5.45828,5.44281,0.0299922,0.0296953
867,14.8781,14.9819,0.0653306,0.0689536,5.45725,5.44393,0.0299752,0.0296821
868,14.8739,14.9846,0.0653912,0.0689243,5.45753,5.44398,0.029942,0.029648
869,14.8764,14.9854,0.0653622,0.0688498,5.45763,5.44295,0.0299077,0.0296317
870,14.879,14.9895,0.0653387,0.0688926,5.45789,5.44168,0.0298744,0.0296247
871,14.8809,14.9898,0.0652915,0.0688143,5.45679,5.44286,0.0298602,0.0296141
872,14.8792,14.9863,0.0652378,0.0688244,5.4591,5.44482,0.0299155,0.0296448
873,14.875,14.9873,0.0652986,0.0687528,5.46007,5.44579,0.029897,0.0296269
874,14.8758,14.9874,0.0652288,0.0686743,5.45967,5.4464,0.0298655,0.0295993
875,14.8737,14.9882,0.0651875,0.0686008,5.46098,5.44523,0.0298599,0.0295886
876,14.8723,14.9884,0.0651286,0.0685227,5.46188,5.44465,0.0298396,0.0295605
877,14.8682,14.9881,0.0651843,0.0684453,5.46177,5.44492,0.0298058,0.0295281
878,14.8669,14.9906,0.0651241,0.0684161,5.4623,5.44387,0.0297765,0.0295133
879,14.8685,14.9905,0.0650716,0.0683385,5.4615,5.44406,0.0297533,0.0294803
880,14.8715,14.9909,0.0650647,0.0682625,5.4616,5.44589,0.0297197,0.029504
881,14.8716,14.9947,0.064991,0.0682914,5.463,5.44623,0.0297189,0.0294724
882,14.8706,14.9938,0.0649255,0.0682209,5.46182,5.4462,0.0297087,0.029439
883,14.8673,14.9948,0.0649343,0.0681507,5.4622,5.44598,0.0296776,0.0294065
884,14.8709,14.9948,0.0649621,0.0680737,5.46206,5.44624,0.0296444,0.0293744
885,14.8717,14.994,0.0648933,0.0680019,5.46221,5.44627,0.0296113,0.0293413
886,14.8702,14.9913,0.0648369,0.067976,5.46258,5.44636,0.0295802,0.0293083
887,14.8711,14.9916,0.0647696,0.0679,5.46141,5.44501,0.0295701,0.0293063
888,14.8713,14.9939,0.0646971,0.0678606,5.45906,5.44642,0.02963,0.029307
889,14.8697,14.9918,0.0646448,0.0678146,5.45869,5.447,0.0295991,0.0292799
890,14.8678,14.9906,0.0646006,0.0677508,5.45974,5.44831,0.0295844,0.029276
891,14.8668,14.9904,0.0645358,0.0676749,5.46092,5.44862,0.0295748,0.0292448
892,14.866,14.9893,0.0644684,0.067608,5.4604,5.4498,0.0295462,0.0292358
893,14.8679,14.9916,0.0644226,0.0675704,5.45892,5.44793,0.0295502,0.0292625
894,14.8678,14.9928,0.0643506,0.067506,5.45815,5.44802,0.0295274,0.0292299
895,14.8717,14.9892,0.0643958,0.0675295,5.45648,5.44866,0.0295414,0.0292043
896,14.8676,14.9906,0.0644549,0.0674692,5.45577,5.44908,0.0295171,0.0291748
897,14.8733,14.989,0.0646371,0.0674144,5.45576,5.45121,0.0294842,0.0292202
898,14.8717,14.9885,0.0645847,0.067341,5.45606,5.45185,0.029453,0.0291947
899,14.8716,14.9853,0.064513,0.0673409,5.45631,5.45445,0.0294212,0.0292778
900,14.8723,14.9806,0.0644446,0.0674341,5.45613,5.45604,0.0293891,0.0292886
901,14.8715,14.9791,0.0643775,0.067375,5.457,5.45859,0.0293696,0.0293664
902,14.872,14.9791,0.0643079,0.0673004,5.4554,5.45739,0.0293809,0.0293581
903,14.8748,14.9781,0.0642959,0.0672338,5.45425,5.45772,0.0293707,0.0293275
904,14.8736,14.9761,0.0642346,0.0671886,5.45549,5.4591,0.0293642,0.0293275
905,14.8735,14.9766,0.0641638,0.0671162,5.45539,5.45867,0.0293319,0.0292983
906,14.8716,14.9759,0.0641207,0.0670455,5.45505,5.45939,0.0293015,0.0292749
907,14.8732,14.9725,0.0640697,0.0670594,5.45494,5.46039,0.0292694,0.0292598
908,14.8726,14.9696,0.0640014,0.0670483,5.45662,5.46044,0.0292854,0.0292276
909,14.8739,14.966,0.0639434,0.0670725,5.45592,5.4622,0.0292617,0.0292489
910,14.8714,14.9678,0.0639217,0.0670247,5.45797,5.46201,0.0293013,0.0292175
911,14.8734,14.9675,0.0638817,0.0669518,5.45682,5.46186,0.0292916,0.0291858
912,14.8701,14.9664,0.0638962,0.0668874,5.45754,5.46253,0.0292683,0.0291618
913,14.8684,14.968,0.0638477,0.0668322,5.45717,5.46209,0.0292386,0.0291333
914,14.869,14.9678,0.0637807,0.0667595,5.45793,5.46193,0.0292165,0.0291018
915,14.8687,14.967,0.0637119,0.0666915,5.45693,5.46082,0.0292017,0.0290913
916,14.865,14.9662,0.0637493,0.0666227,5.45853,5.46086,0.0292136,0.0290595
917,14.8676,14.9683,0.0637324,0.0665828,5.45916,5.46128,0.0291886,0.029031
918,14.8659,14.9726,0.0636848,0.0666451,5.45783,5.45985,0.0291871,0.0290346
919,14.8703,14.9751,0.0637639,0.0666206,5.45643,5.45938,0.029189,0.0290068
920,14.8668,14.9722,0.0637875,0.0666118,5.45737,5.45922,0.0291722,0.0289758
921,14.8627,14.9728,0.0638515,0.0665426,5.45875,5.45971,0.0291731,0.0289485
922,14.8656,14.9773,0.0638476,0.066619,5.45859,5.46043,0.0291419,0.028926
923,14.8675,14.9777,0.0638066,0.0665481,5.45882,5.46138,0.0291112,0.0289103
924,14.867,14.9764,0.0637392,0.0664881,5.45973,5.46128,0.0290939,0.0288792
925,14.8677,14.9771,0.063674,0.0664202,5.45976,5.4611,0.0290625,0.0288485
926,14.8673,14.979,0.0636069,0.0663737,5.45984,5.46307,0.0290312,0.0288848
927,14.8651,14.9796,0.0635746,0.0663048,5.46045,5.46247,0.0290063,0.0288599
928,14.8633,14.9774,0.0635314,0.0662695,5.45995,5.46211,0.0289793,0.0288311
929,14.866,14.976,0.0635208,0.0662132,5.45813,5.46167,0.0290053,0.0288035
930,14.8648,14.9771,0.0634648,0.0661516,5.45865,5.46294,0.0289789,0.0288007
931,14.8617,14.9781,0.0634732,0.0660891,5.46136,5.46228,0.0290742,0.0287774
932,14.8611,14.9799,0.0634075,0.0660413,5.46266,5.46245,0.0290718,0.0287471
933,14.8636,14.9824,0.0633885,0.0660184,5.46192,5.46178,0.02905,0.0287241
934,14.865,14.9823,0.0633351,0.0659479,5.46158,5.46173,0.0290209,0.0286934
935,14.8664,14.9848,0.0632831,0.0659254,5.46266,5.46167,0.0290098,0.0286628
936,14.865,14.9844,0.0632296,0.0658563,5.46368,5.46224,0.0289966,0.0286379
937,14.87,14.9883,0.0633595,0.0659034,5.46273,5.46043,0.0289812,0.0286646
938,14.8721,14.9879,0.0633269,0.0658342,5.46051,5.46012,0.0290351,0.0286357
939,14.8686,14.987,0.0633562,0.0657702,5.46052,5.46108,0.0290042,0.0286212
940,14.8659,14.9861,0.063349,0.0657069,5.46076,5.46052,0.0289743,0.0285962
941,14.8646,14.9857,0.0632937,0.0656383,5.46014,5.46148,0.02895,0.0285817
942,14.8684,14.9903,0.0633404,0.065726,5.45966,5.46084,0.0289234,0.0285584
943,14.8671,14.988,0.063287,0.0656942,5.45936,5.46033,0.0288942,0.0285327
944,14.8653,14.9864,0.0632451,0.0656443,5.45968,5.45988,0.0288654,0.0285061
945,14.867,14.9864,0.0632011,0.0655749,5.45865,5.45907,0.0288532,0.0284874
946,14.8682,14.9867,0.0631445,0.0655063,5.45942,5.458,0.0288331,0.0284774
947,14.8644,14.983,0.063193,0.0655401,5.46203,5.45749,0.0289203,0.028452
948,14.8667,14.986,0.0631678,0.0655411,5.46325,5.45771,0.0289155,0.0284228
949,14.871,14.9869,0.0632504,0.0654774,5.46287,5.4586,0.0288875,0.028407
950,14.8689,14.9851,0.0632175,0.0654337,5.46421,5.45899,0.0288881,0.0283797
951,14.8718,14.9818,0.0632145,0.0654457,5.46405,5.45875,0.0288581,0.0283509
952,14.8727,14.9805,0.0631549,0.0653902,5.46291,5.46014,0.0288506,0.0283553
953,14.8696,14.9801,0.0631649,0.0653226,5.46384,5.45895,0.0288355,0.0283507
954,14.8681,14.9775,0.0631155,0.0653075,5.46493,5.46092,0.0288258,0.0283897
955,14.8646,14.9767,0.0631499,0.0652435,5.46446,5.4607,0.0287995,0.0283608
956,14.8648,14.9772,0.0630842,0.0651768,5.46409,5.46015,0.0287718,0.0283365
957,14.8643,14.9792,0.0630203,0.0651406,5.46532,5.46077,0.0287682,0.0283136
958,14.8677,14.9754,0.0630482,0.0651869,5.46517,5.46252,0.0287385,0.0283384
959,14.8691,14.9755,0.0629978,0.0651191,5.46461,5.4631,0.028714,0.0283148
960,14.8718,14.9777,0.0629897,0.0650891,5.46211,5.46287,0.028793,0.0282863
961,14.8694,14.9799,0.0629708,0.0650596,5.46067,5.46172,0.0287993,0.0282803
962,14.8759,14.9802,0.0632392,0.0649924,5.46037,5.45982,0.0287709,0.0283144
963,14.873,14.9808,0.0632366,0.0649283,5.46116,5.45921,0.0287519,0.0282917
964,14.8763,14.9791,0.0632563,0.0648832,5.46027,5.45905,0.0287358,0.0282628
965,14.8743,14.9791,0.0632233,0.064816,5.463,5.45941,0.0288354,0.0282357
966,14.8735,14.9795,0.0631629,0.0647501,5.46213,5.45875,0.0288188,0.0282142
967,14.8719,14.98,0.0631189,0.0646852,5.4625,5.45842,0.0287914,0.0281869
968,14.8695,14.9779,0.0630973,0.064653,5.46211,5.45735,0.0287643,0.0281781
969,14.8714,14.977,0.0630606,0.0645937,5.46139,5.45684,0.0287436,0.0281538
970,14.8708,14.9772,0.0629989,0.0645277,5.46134,5.45832,0.028714,0.0281641
971,14.8718,14.9782,0.0629421,0.0644685,5.46098,5.45908,0.0286867,0.0281453
972,14.873,14.9762,0.0628885,0.0644326,5.45985,5.45964,0.0286793,0.0281219
973,14.8764,14.9749,0.0629161,0.06438,5.45984,5.45952,0.0286499,0.0280933
974,14.8764,14.9752,0.0628515,0.0643144,5.46017,5.45877,0.0286224,0.0280743
975,14.8769,14.9733,0.0627893,0.0642759,5.46015,5.45946,0.0285931,0.028054
976,14.8754,14.9728,0.0627427,0.0642115,5.45964,5.45877,0.0285685,0.0280337
977,14.8718,14.9679,0.0627834,0.064336,5.46055,5.45944,0.0285537,0.028013
978,14.8704,14.9666,0.0627337,0.0642843,5.46064,5.45903,0.0285247,0.0279874
979,14.8667,14.9657,0.0627831,0.064224,5.46215,5.45908,0.028536,0.0279589
980,14.8668,14.9663,0.0627193,0.0641611,5.46051,5.45817,0.0285542,0.027945
981,14.8714,14.9663,0.0628192,0.0640958,5.46004,5.45735,0.028529,0.0279286
982,14.8703,14.9678,0.062764,0.0640478,5.4604,5.45658,0.0285022,0.0279109
983,14.8691,14.9662,0.0627113,0.0640005,5.46023,5.45673,0.0284737,0.0278829
984,14.8674,14.9684,0.062672,0.0639721,5.46005,5.45567,0.0284454,0.0278746
985,14.8655,14.9686,0.0626373,0.0639075,5.4595,5.45722,0.0284218,0.0278891
986,14.8665,14.9683,0.0625822,0.0638437,5.45915,5.45789,0.0283951,0.0278689
987,14.8676,14.9697,0.0625277,0.0637947,5.4604,5.45804,0.0283938,0.0278411
988,14.8667,14.972,0.062471,0.0637712,5.45915,5.45769,0.0283927,0.0278151
989,14.8652,14.9726,0.062425,0.0637102,5.45849,5.45628,0.0283717,0.0278227
990,14.8633,14.9708,0.0623922,0.063672,5.45783,5.45744,0.0283507,0.0278189
991,14.8622,14.9717,0.0623381,0.0636138,5.4583,5.45857,0.0283259,0.0278136
992,14.8613,14.9657,0.0622813,0.0638344,5.45776,5.46165,0.0283024,0.0279565
993,14.8594,14.966,0.0622489,0.0637709,5.45802,5.4612,0.028275,0.0279321
994,14.8588,14.9625,0.0621888,0.0637998,5.45797,5.46289,0.0282466,0.0279556
995,14.8593,14.9613,0.0621283,0.0637476,5.45783,5.46356,0.0282186,0.0279355
996,14.8594,14.9619,0.062066,0.0636864,5.4571,5.46396,0.0281996,0.0279103
997,14.8592,14.9606,0.0620041,0.0636352,5.45621,5.46301,0.0281855,0.0278985
998,14.8563,14.9576,0.0620116,0.0636439,5.45726,5.46532,0.028177,0.0279655
999,14.8548,14.9595,0.0619668,0.0636092,5.45748,5.46446,0.0281496,0.0279506
